Timestamp,Date,Team1,Team2,Type,Historical_Prediction,Team_Matchup_Prediction,Weighted_Certainty,Final_Prediction
1708992000,2024-02-27,atlantahawks,utahjazz,0,1,1,66.05716401652286,1
1709164800,2024-02-29,atlantahawks,brooklynnets,0,1,0,62.67376696436029,0
1709337600,2024-03-02,atlantahawks,brooklynnets,0,0,0,61.714657833701686,0
1709596800,2024-03-05,atlantahawks,newyorkknicks,0,0,0,68.74432854903372,0
1709683200,2024-03-06,atlantahawks,clevelandcavaliers,0,0,0,76.43701904698422,0
1709856000,2024-03-08,atlantahawks,memphisgrizzlies,0,0,0,76.1109514738384,0
1710028800,2024-03-10,atlantahawks,neworleanspelicans,0,0,1,70.55833573090402,1
1710288000,2024-03-13,atlantahawks,portlandtrailblazers,0,1,1,79.6951655839619,1
1710460800,2024-03-15,atlantahawks,utahjazz,0,0,1,67.42168336165578,1
1710633600,2024-03-17,atlantahawks,losangelesclippers,0,0,1,64.05809660961754,0
1710720000,2024-03-18,atlantahawks,losangeleslakers,0,0,0,77.46466664264076,0
1710979200,2024-03-21,atlantahawks,phoenixsuns,0,0,1,58.756954996209394,0
1711152000,2024-03-23,atlantahawks,charlottehornets,0,1,0,79.41963110472027,0
1711324800,2024-03-25,atlantahawks,bostonceltics,0,0,0,85.09953935522782,0
1711497600,2024-03-27,atlantahawks,portlandtrailblazers,0,1,1,80.83052364148593,1
1711584000,2024-03-28,atlantahawks,bostonceltics,0,0,0,84.34015008022911,0
1711756800,2024-03-30,atlantahawks,milwaukeebucks,0,0,0,78.11981908898605,0
1711929600,2024-04-01,atlantahawks,chicagobulls,0,0,0,77.84623123470105,0
1712102400,2024-04-03,atlantahawks,detroitpistons,0,1,1,59.406007264789785,1
1712188800,2024-04-04,atlantahawks,dallasmavericks,0,0,1,70.40386360570004,1
1712361600,2024-04-06,atlantahawks,denvernuggets,0,0,0,76.12861116308915,0
1712620800,2024-04-09,atlantahawks,miamiheat,0,0,0,75.03733253479002,0
1712707200,2024-04-10,atlantahawks,charlottehornets,0,1,0,80.35971782082005,0
1712880000,2024-04-12,atlantahawks,minnesotatimberwolves,0,0,1,79.38898242147344,1
1713052800,2024-04-14,atlantahawks,indianapacers,0,0,0,60.097025620309935,0
1708992000,2024-02-27,bostonceltics,philadelphia76ers,0,1,1,86.46925584893478,1
1709251200,2024-03-01,bostonceltics,dallasmavericks,0,1,1,84.72296835246838,1
1709424000,2024-03-03,bostonceltics,goldenstatewarriors,0,1,0,74.9383134841919,1
1709596800,2024-03-05,bostonceltics,clevelandcavaliers,0,1,1,79.51992592058683,1
1709769600,2024-03-07,bostonceltics,denvernuggets,0,0,0,73.90329089917634,0
1709942400,2024-03-09,bostonceltics,phoenixsuns,0,1,0,84.40096614235325,0
1710115200,2024-03-11,bostonceltics,portlandtrailblazers,0,1,1,91.13451526039526,1
1710201600,2024-03-12,bostonceltics,utahjazz,0,1,0,63.20533752441406,1
1710374400,2024-03-14,bostonceltics,phoenixsuns,0,1,0,84.83611142007928,0
1710633600,2024-03-17,bostonceltics,washingtonwizards,0,1,1,85.20101170790824,1
1710720000,2024-03-18,bostonceltics,detroitpistons,0,1,1,75.66268900821083,1
1710892800,2024-03-20,bostonceltics,milwaukeebucks,0,1,1,78.36661160619634,1
1711065600,2024-03-22,bostonceltics,detroitpistons,0,1,1,76.43464570296437,1
1711152000,2024-03-23,bostonceltics,chicagobulls,0,1,1,90.73725815823205,1
1711324800,2024-03-25,bostonceltics,atlantahawks,0,1,1,86.05227359972503,1
1711584000,2024-03-28,bostonceltics,atlantahawks,0,1,1,85.9449970345748,1
1711756800,2024-03-30,bostonceltics,neworleanspelicans,0,1,1,83.03991965243691,1
1711929600,2024-04-01,bostonceltics,charlottehornets,0,1,0,78.5860027012072,0
1712102400,2024-04-03,bostonceltics,oklahomacitythunder,0,1,0,78.45160148018284,0
1712275200,2024-04-05,bostonceltics,sacramentokings,0,1,1,88.51731405760113,1
1712448000,2024-04-07,bostonceltics,portlandtrailblazers,0,1,1,90.76925423270778,1
1712620800,2024-04-09,bostonceltics,milwaukeebucks,0,1,1,80.76973423204923,1
1712793600,2024-04-11,bostonceltics,newyorkknicks,0,1,1,78.16271039059288,1
1712880000,2024-04-12,bostonceltics,charlottehornets,0,1,0,77.83060844321,0
1713052800,2024-04-14,bostonceltics,washingtonwizards,0,1,1,85.2455066379748,1
1708992000,2024-02-27,brooklynnets,orlandomagic,0,1,1,79.22539138793945,1
1709164800,2024-02-29,brooklynnets,atlantahawks,0,0,0,65.67262463820609,0
1709337600,2024-03-02,brooklynnets,atlantahawks,0,0,0,66.56732574262118,0
1709510400,2024-03-04,brooklynnets,memphisgrizzlies,0,1,1,76.48423327897724,1
1709596800,2024-03-05,brooklynnets,philadelphia76ers,0,0,0,75.27116178211413,0
1709769600,2024-03-07,brooklynnets,detroitpistons,0,1,1,75.54590104755601,1
1709942400,2024-03-09,brooklynnets,charlottehornets,0,1,0,61.39551908091496,0
1710028800,2024-03-10,brooklynnets,clevelandcavaliers,0,0,1,68.77027526654695,0
1710288000,2024-03-13,brooklynnets,orlandomagic,0,1,1,81.09830397053769,1
1710547200,2024-03-16,brooklynnets,indianapacers,0,1,1,69.79407295427825,1
1710633600,2024-03-17,brooklynnets,sanantoniospurs,0,1,0,75.2148504759136,0
1710806400,2024-03-19,brooklynnets,neworleanspelicans,0,0,1,65.7354231884605,0
1710979200,2024-03-21,brooklynnets,milwaukeebucks,0,0,0,76.51399474394948,0
1711152000,2024-03-23,brooklynnets,newyorkknicks,0,1,0,78.2279079838803,0
1711324800,2024-03-25,brooklynnets,torontoraptors,0,1,1,79.28210860804508,1
1711497600,2024-03-27,brooklynnets,washingtonwizards,0,1,0,62.92874150527151,1
1711670400,2024-03-29,brooklynnets,chicagobulls,0,1,1,75.44456981357774,1
1711843200,2024-03-31,brooklynnets,losangeleslakers,0,0,0,52.253227811110655,0
1711929600,2024-04-01,brooklynnets,indianapacers,0,0,1,71.22817313043694,1
1712102400,2024-04-03,brooklynnets,indianapacers,0,0,1,70.59608118157637,1
1712361600,2024-04-06,brooklynnets,detroitpistons,0,1,1,75.27372766795911,1
1712448000,2024-04-07,brooklynnets,sacramentokings,0,0,0,66.42479843842355,0
1712707200,2024-04-10,brooklynnets,torontoraptors,0,0,1,78.39709081147846,1
1712880000,2024-04-12,brooklynnets,newyorkknicks,0,0,0,77.4353595783836,0
1713052800,2024-04-14,brooklynnets,philadelphia76ers,0,0,0,76.74500658637598,0
1708992000,2024-02-27,charlottehornets,milwaukeebucks,0,0,0,86.83924343711452,0
1709164800,2024-02-29,charlottehornets,milwaukeebucks,0,0,0,86.69197428853889,0
1709251200,2024-03-01,charlottehornets,philadelphia76ers,0,0,0,85.12581930662455,0
1709424000,2024-03-03,charlottehornets,torontoraptors,0,0,0,79.23083476016396,0
1709596800,2024-03-05,charlottehornets,orlandomagic,0,0,0,84.74932836231433,0
1709856000,2024-03-08,charlottehornets,washingtonwizards,0,1,1,72.68203424152576,1
1709942400,2024-03-09,charlottehornets,brooklynnets,0,0,1,76.09882389871697,1
1710115200,2024-03-11,charlottehornets,detroitpistons,0,1,0,81.59557380174337,0
1710288000,2024-03-13,charlottehornets,memphisgrizzlies,0,0,0,75.50178552928725,0
1710460800,2024-03-15,charlottehornets,phoenixsuns,0,0,0,76.69667600330553,0
1710547200,2024-03-16,charlottehornets,philadelphia76ers,0,0,0,83.86371855986745,0
1710806400,2024-03-19,charlottehornets,orlandomagic,0,0,0,83.68719868910941,0
1711152000,2024-03-23,charlottehornets,atlantahawks,0,1,1,55.963667041377015,1
1711324800,2024-03-25,charlottehornets,clevelandcavaliers,0,0,1,56.16268890782407,0
1711497600,2024-03-27,charlottehornets,clevelandcavaliers,0,0,1,54.76373966116655,1
1711670400,2024-03-29,charlottehornets,goldenstatewarriors,0,0,0,81.65028644862927,0
1711843200,2024-03-31,charlottehornets,losangelesclippers,0,0,0,83.05969489248176,0
1711929600,2024-04-01,charlottehornets,bostonceltics,0,1,1,75.3552774128161,1
1712102400,2024-04-03,charlottehornets,portlandtrailblazers,0,0,0,78.89802209954513,0
1712275200,2024-04-05,charlottehornets,orlandomagic,0,0,0,85.36988875740454,0
1712448000,2024-04-07,charlottehornets,oklahomacitythunder,0,0,1,85.34324018578782,1
1712620800,2024-04-09,charlottehornets,dallasmavericks,0,0,0,80.68021673905223,0
1712707200,2024-04-10,charlottehornets,atlantahawks,0,0,1,55.02828005740517,0
1712880000,2024-04-12,charlottehornets,bostonceltics,0,0,1,75.29100641451384,1
1713052800,2024-04-14,charlottehornets,clevelandcavaliers,0,0,1,63.38596349013479,0
1708992000,2024-02-27,chicagobulls,detroitpistons,0,1,1,78.59968832919472,1
1709078400,2024-02-28,chicagobulls,clevelandcavaliers,0,1,0,77.61156430997347,0
1709251200,2024-03-01,chicagobulls,milwaukeebucks,0,0,0,80.02188707652844,0
1709510400,2024-03-04,chicagobulls,sacramentokings,0,0,0,61.26450453306499,0
1709683200,2024-03-06,chicagobulls,utahjazz,0,0,1,77.47733520206653,1
1709769600,2024-03-07,chicagobulls,goldenstatewarriors,0,0,1,78.50363535630075,1
1709942400,2024-03-09,chicagobulls,losangelesclippers,0,0,0,81.90468286213121,0
1710115200,2024-03-11,chicagobulls,dallasmavericks,0,1,0,57.33448118912546,1
1710288000,2024-03-13,chicagobulls,indianapacers,0,0,0,76.40345912230642,0
1710374400,2024-03-14,chicagobulls,losangelesclippers,0,0,0,79.81730360733835,0
1710547200,2024-03-16,chicagobulls,washingtonwizards,0,1,1,56.23588539424696,1
1710720000,2024-03-18,chicagobulls,portlandtrailblazers,0,1,1,82.97079113910073,1
1710979200,2024-03-21,chicagobulls,houstonrockets,0,1,1,73.26204759196231,1
1711152000,2024-03-23,chicagobulls,bostonceltics,0,0,0,82.74399511437666,0
1711324800,2024-03-25,chicagobulls,washingtonwizards,0,1,1,56.9831950037103,1
1711497600,2024-03-27,chicagobulls,indianapacers,0,0,0,78.00909544292249,0
1711670400,2024-03-29,chicagobulls,brooklynnets,0,0,0,76.09924773166054,0
1711843200,2024-03-31,chicagobulls,minnesotatimberwolves,0,0,0,77.79431380723652,0
1711929600,2024-04-01,chicagobulls,atlantahawks,0,1,1,78.73424299139725,1
1712275200,2024-04-05,chicagobulls,newyorkknicks,0,0,1,63.92680514486212,1
1712448000,2024-04-07,chicagobulls,orlandomagic,0,0,0,80.00522826847276,0
1712620800,2024-04-09,chicagobulls,newyorkknicks,0,0,1,63.38365901143928,1
1712793600,2024-04-11,chicagobulls,detroitpistons,0,1,1,78.1015917627435,1
1712880000,2024-04-12,chicagobulls,washingtonwizards,0,1,1,56.154542998263715,1
1713052800,2024-04-14,chicagobulls,newyorkknicks,0,0,1,65.37003888581928,1
1708992000,2024-02-27,clevelandcavaliers,dallasmavericks,0,1,1,71.00915853600753,1
1709078400,2024-02-28,clevelandcavaliers,chicagobulls,0,1,1,59.34198673147904,1
1709251200,2024-03-01,clevelandcavaliers,detroitpistons,0,1,1,79.28408923902009,1
1709424000,2024-03-03,clevelandcavaliers,newyorkknicks,0,1,1,66.37223723060207,1
1709596800,2024-03-05,clevelandcavaliers,bostonceltics,0,0,0,76.67759390881187,0
1709683200,2024-03-06,clevelandcavaliers,atlantahawks,0,1,1,83.36537426396418,1
1709856000,2024-03-08,clevelandcavaliers,minnesotatimberwolves,0,1,0,75.22138166427612,0
1710028800,2024-03-10,clevelandcavaliers,brooklynnets,0,1,0,60.701852246334674,1
1710115200,2024-03-11,clevelandcavaliers,phoenixsuns,0,1,1,78.18257218913028,1
1710288000,2024-03-13,clevelandcavaliers,neworleanspelicans,0,0,0,78.33579818825973,0
1710547200,2024-03-16,clevelandcavaliers,houstonrockets,0,1,1,72.00904509895726,1
1710720000,2024-03-18,clevelandcavaliers,indianapacers,0,1,1,67.7892430707028,1
1710892800,2024-03-20,clevelandcavaliers,miamiheat,0,0,1,78.51808987165752,1
1711065600,2024-03-22,clevelandcavaliers,minnesotatimberwolves,0,1,0,72.08203237935116,0
1711238400,2024-03-24,clevelandcavaliers,miamiheat,0,1,1,77.58957712273849,1
1711324800,2024-03-25,clevelandcavaliers,charlottehornets,0,1,0,82.8586661188226,0
1711497600,2024-03-27,clevelandcavaliers,charlottehornets,0,1,0,82.89180404261539,0
1711670400,2024-03-29,clevelandcavaliers,philadelphia76ers,0,0,1,78.41200427005165,1
1711843200,2024-03-31,clevelandcavaliers,denvernuggets,0,0,1,81.73109980633384,1
1712016000,2024-04-02,clevelandcavaliers,utahjazz,0,1,1,71.9243981210809,1
1712102400,2024-04-03,clevelandcavaliers,phoenixsuns,0,1,1,76.44034184907612,1
1712361600,2024-04-06,clevelandcavaliers,losangeleslakers,0,0,0,55.12312833886398,0
1712448000,2024-04-07,clevelandcavaliers,losangelesclippers,0,0,1,82.78026543165508,1
1712707200,2024-04-10,clevelandcavaliers,memphisgrizzlies,0,1,1,76.46507852955868,1
1712880000,2024-04-12,clevelandcavaliers,indianapacers,0,1,1,66.59726637288144,1
1713052800,2024-04-14,clevelandcavaliers,charlottehornets,0,1,0,83.50815898493717,0
1708992000,2024-02-27,dallasmavericks,clevelandcavaliers,0,1,0,62.80908830542313,0
1709078400,2024-02-28,dallasmavericks,torontoraptors,0,1,0,79.39435840907849,0
1709251200,2024-03-01,dallasmavericks,bostonceltics,0,0,0,83.31799662740606,0
1709424000,2024-03-03,dallasmavericks,philadelphia76ers,0,1,0,79.5665212932386,0
1709596800,2024-03-05,dallasmavericks,indianapacers,0,1,1,79.15207034663149,1
1709769600,2024-03-07,dallasmavericks,miamiheat,0,0,0,69.84724727429843,0
1709942400,2024-03-09,dallasmavericks,detroitpistons,0,1,1,85.96167775204306,1
1710115200,2024-03-11,dallasmavericks,chicagobulls,0,1,1,73.50904954107183,1
1710288000,2024-03-13,dallasmavericks,goldenstatewarriors,0,0,1,79.8462021727311,1
1710374400,2024-03-14,dallasmavericks,oklahomacitythunder,0,0,1,50.92250276866712,1
1710633600,2024-03-17,dallasmavericks,denvernuggets,0,0,0,82.8191826218053,0
1710806400,2024-03-19,dallasmavericks,sanantoniospurs,0,1,1,87.72075482418663,1
1710979200,2024-03-21,dallasmavericks,utahjazz,0,1,1,83.01989552849217,1
1711324800,2024-03-25,dallasmavericks,utahjazz,0,1,1,83.21636097054733,1
1711411200,2024-03-26,dallasmavericks,sacramentokings,0,0,0,65.60761454230861,0
1711670400,2024-03-29,dallasmavericks,sacramentokings,0,0,0,65.55184743278905,0
1711843200,2024-03-31,dallasmavericks,houstonrockets,0,1,0,82.4561529159546,0
1712016000,2024-04-02,dallasmavericks,goldenstatewarriors,0,0,1,80.30130296004447,1
1712188800,2024-04-04,dallasmavericks,atlantahawks,0,1,0,67.15999279524151,0
1712275200,2024-04-05,dallasmavericks,goldenstatewarriors,0,0,1,80.48857121718558,1
1712448000,2024-04-07,dallasmavericks,houstonrockets,0,1,0,80.8836528878463,0
1712620800,2024-04-09,dallasmavericks,charlottehornets,0,1,1,69.85070072977166,1
1712707200,2024-04-10,dallasmavericks,miamiheat,0,0,0,71.23805967130158,0
1712880000,2024-04-12,dallasmavericks,detroitpistons,0,1,1,86.37275831322921,1
1713052800,2024-04-14,dallasmavericks,oklahomacitythunder,0,0,1,53.6071541936774,1
1709078400,2024-02-28,denvernuggets,sacramentokings,0,1,1,54.059129865545984,1
1709164800,2024-02-29,denvernuggets,miamiheat,0,1,1,60.63111021644192,1
1709337600,2024-03-02,denvernuggets,losangeleslakers,0,1,1,74.02155755695544,1
1709596800,2024-03-05,denvernuggets,phoenixsuns,0,1,1,69.78621560648868,1
1709769600,2024-03-07,denvernuggets,bostonceltics,0,1,1,76.59946915977879,1
1709942400,2024-03-09,denvernuggets,utahjazz,0,1,1,75.35969761798256,1
1710115200,2024-03-11,denvernuggets,torontoraptors,0,1,1,77.45016685285067,1
1710288000,2024-03-13,denvernuggets,miamiheat,0,1,1,57.734019806510524,1
1710460800,2024-03-15,denvernuggets,sanantoniospurs,0,1,1,85.77845277284321,1
1710633600,2024-03-17,denvernuggets,dallasmavericks,0,1,1,84.93838179738898,1
1710806400,2024-03-19,denvernuggets,minnesotatimberwolves,0,1,0,82.79657040144268,0
1710979200,2024-03-21,denvernuggets,newyorkknicks,0,1,0,82.88163925472058,0
1711152000,2024-03-23,denvernuggets,portlandtrailblazers,0,1,1,83.65137165471127,1
1711324800,2024-03-25,denvernuggets,memphisgrizzlies,0,1,1,89.01686377274362,1
1711497600,2024-03-27,denvernuggets,phoenixsuns,0,1,1,72.35009810799048,1
1711670400,2024-03-29,denvernuggets,minnesotatimberwolves,0,1,0,82.5068770207857,0
1711843200,2024-03-31,denvernuggets,clevelandcavaliers,0,1,0,80.08487957402279,0
1712016000,2024-04-02,denvernuggets,sanantoniospurs,0,1,1,85.07863150144878,1
1712188800,2024-04-04,denvernuggets,losangelesclippers,0,1,0,73.60507257361161,0
1712361600,2024-04-06,denvernuggets,atlantahawks,0,1,1,82.51931757675973,1
1712620800,2024-04-09,denvernuggets,utahjazz,0,1,1,74.0423990801761,1
1712707200,2024-04-10,denvernuggets,minnesotatimberwolves,0,1,0,79.00648031736675,0
1712880000,2024-04-12,denvernuggets,sanantoniospurs,0,1,1,85.36826615584523,1
1713052800,2024-04-14,denvernuggets,memphisgrizzlies,0,1,1,88.40026087509958,1
1708992000,2024-02-27,detroitpistons,chicagobulls,0,0,0,83.085137818989,0
1709251200,2024-03-01,detroitpistons,clevelandcavaliers,0,0,0,60.3576492259377,0
1709424000,2024-03-03,detroitpistons,orlandomagic,0,0,0,86.2940327493768,0
1709596800,2024-03-05,detroitpistons,miamiheat,0,0,0,78.38108850780287,0
1709769600,2024-03-07,detroitpistons,brooklynnets,0,0,0,67.22594916193108,0
1709942400,2024-03-09,detroitpistons,dallasmavericks,0,0,0,75.46688960727892,0
1710115200,2024-03-11,detroitpistons,charlottehornets,0,1,1,58.308191324535166,1
1710288000,2024-03-13,detroitpistons,torontoraptors,0,0,1,70.80880044635974,1
1710460800,2024-03-15,detroitpistons,miamiheat,0,0,0,79.07071751042416,0
1710633600,2024-03-17,detroitpistons,miamiheat,0,0,0,79.65482521057129,0
1710720000,2024-03-18,detroitpistons,bostonceltics,0,0,0,75.56571629172878,0
1710892800,2024-03-20,detroitpistons,indianapacers,0,0,1,61.45636385365536,0
1711065600,2024-03-22,detroitpistons,bostonceltics,0,0,0,78.26649460039641,0
1711238400,2024-03-24,detroitpistons,neworleanspelicans,0,0,0,89.71209812164307,0
1711324800,2024-03-25,detroitpistons,newyorkknicks,0,0,0,80.66899904451873,0
1711497600,2024-03-27,detroitpistons,minnesotatimberwolves,0,0,1,86.83516261452122,1
1711670400,2024-03-29,detroitpistons,washingtonwizards,0,0,0,81.77776168522081,0
1711929600,2024-04-01,detroitpistons,memphisgrizzlies,0,0,0,81.48795750266628,0
1712102400,2024-04-03,detroitpistons,atlantahawks,0,0,0,81.49338428597702,0
1712275200,2024-04-05,detroitpistons,memphisgrizzlies,0,0,0,82.1977916014822,0
1712361600,2024-04-06,detroitpistons,brooklynnets,0,0,0,66.02893342469868,0
1712620800,2024-04-09,detroitpistons,philadelphia76ers,0,0,0,92.22708897841603,0
1712793600,2024-04-11,detroitpistons,chicagobulls,0,0,0,82.39438975484747,0
1712880000,2024-04-12,detroitpistons,dallasmavericks,0,0,0,73.78141493546336,0
1713052800,2024-04-14,detroitpistons,sanantoniospurs,0,0,0,75.32945291619552,0
1708992000,2024-02-27,goldenstatewarriors,washingtonwizards,0,1,1,92.4459389636391,1
1709164800,2024-02-29,goldenstatewarriors,newyorkknicks,0,1,0,87.24940355200516,0
1709251200,2024-03-01,goldenstatewarriors,torontoraptors,0,1,1,87.87074651216206,1
1709424000,2024-03-03,goldenstatewarriors,bostonceltics,0,0,1,74.53087209400378,1
1709683200,2024-03-06,goldenstatewarriors,milwaukeebucks,0,1,1,76.50248266521254,1
1709769600,2024-03-07,goldenstatewarriors,chicagobulls,0,1,0,86.69844165601229,0
1709942400,2024-03-09,goldenstatewarriors,sanantoniospurs,0,1,0,62.09987908915469,1
1710115200,2024-03-11,goldenstatewarriors,sanantoniospurs,0,1,0,62.17826559669093,1
1710288000,2024-03-13,goldenstatewarriors,dallasmavericks,0,1,0,60.84957702536332,1
1710547200,2024-03-16,goldenstatewarriors,losangeleslakers,0,1,1,79.725274537739,1
1710720000,2024-03-18,goldenstatewarriors,newyorkknicks,0,1,0,86.28205806330631,0
1710892800,2024-03-20,goldenstatewarriors,memphisgrizzlies,0,1,0,79.38790331388775,0
1711065600,2024-03-22,goldenstatewarriors,indianapacers,0,1,0,81.84897387655158,0
1711238400,2024-03-24,goldenstatewarriors,minnesotatimberwolves,0,1,0,77.37085834302401,0
1711411200,2024-03-26,goldenstatewarriors,miamiheat,0,1,0,82.39428038346139,0
1711497600,2024-03-27,goldenstatewarriors,orlandomagic,0,1,0,76.43034473218415,0
1711670400,2024-03-29,goldenstatewarriors,charlottehornets,0,1,0,84.30884140416194,0
1711843200,2024-03-31,goldenstatewarriors,sanantoniospurs,0,1,0,60.42359670839812,1
1712016000,2024-04-02,goldenstatewarriors,dallasmavericks,0,1,0,60.67345370744404,1
1712188800,2024-04-04,goldenstatewarriors,houstonrockets,0,1,1,80.9896731376648,1
1712275200,2024-04-05,goldenstatewarriors,dallasmavericks,0,1,0,59.461082684366325,1
1712448000,2024-04-07,goldenstatewarriors,utahjazz,0,1,1,72.4405242016441,1
1712620800,2024-04-09,goldenstatewarriors,losangeleslakers,0,1,1,78.29344674160606,1
1712793600,2024-04-11,goldenstatewarriors,portlandtrailblazers,0,1,1,92.30309340828343,1
1712880000,2024-04-12,goldenstatewarriors,neworleanspelicans,0,1,1,84.27812777067486,1
1713052800,2024-04-14,goldenstatewarriors,utahjazz,0,1,1,71.58107842897113,1
1708992000,2024-02-27,houstonrockets,oklahomacitythunder,0,0,1,72.97673280615555,1
1709164800,2024-02-29,houstonrockets,phoenixsuns,0,0,0,81.11151368994462,0
1709337600,2024-03-02,houstonrockets,phoenixsuns,0,0,0,78.65094699357685,0
1709596800,2024-03-05,houstonrockets,sanantoniospurs,0,1,1,76.67254076505962,1
1709683200,2024-03-06,houstonrockets,losangelesclippers,0,0,0,81.1485232303017,0
1709856000,2024-03-08,houstonrockets,portlandtrailblazers,0,1,0,82.42631801805997,0
1710028800,2024-03-10,houstonrockets,sacramentokings,0,0,1,79.23876062192416,1
1710201600,2024-03-12,houstonrockets,sanantoniospurs,0,1,1,76.01622097115768,1
1710374400,2024-03-14,houstonrockets,washingtonwizards,0,1,1,78.57378051155492,1
1710547200,2024-03-16,houstonrockets,clevelandcavaliers,0,0,0,74.15644610555549,0
1710806400,2024-03-19,houstonrockets,washingtonwizards,0,1,1,77.26503806365164,1
1710979200,2024-03-21,houstonrockets,chicagobulls,0,0,0,79.42606431559513,0
1711152000,2024-03-23,houstonrockets,utahjazz,0,1,0,74.27021142056114,0
1711324800,2024-03-25,houstonrockets,portlandtrailblazers,0,1,0,81.84399168114912,0
1711497600,2024-03-27,houstonrockets,oklahomacitythunder,0,0,1,72.58098632410953,1
1711670400,2024-03-29,houstonrockets,utahjazz,0,0,0,73.9660224412617,0
1711843200,2024-03-31,houstonrockets,dallasmavericks,0,0,1,77.08484363555908,1
1712016000,2024-04-02,houstonrockets,minnesotatimberwolves,0,0,1,76.61977662538227,1
1712188800,2024-04-04,houstonrockets,goldenstatewarriors,0,1,0,71.40868864561382,0
1712275200,2024-04-05,houstonrockets,miamiheat,0,0,1,73.97374454297517,0
1712448000,2024-04-07,houstonrockets,dallasmavericks,0,0,1,79.08622154436613,1
1712620800,2024-04-09,houstonrockets,orlandomagic,0,1,0,83.33148090462934,0
1712793600,2024-04-11,houstonrockets,utahjazz,0,1,0,74.46237842660202,0
1712880000,2024-04-12,houstonrockets,portlandtrailblazers,0,1,0,81.39617947528237,0
1713052800,2024-04-14,houstonrockets,losangelesclippers,0,0,0,83.57934996956273,0
1709078400,2024-02-28,indianapacers,neworleanspelicans,0,0,0,80.78967428207397,0
1709251200,2024-03-01,indianapacers,neworleanspelicans,0,0,0,78.84006194064492,0
1709424000,2024-03-03,indianapacers,sanantoniospurs,0,1,1,86.34656072917738,1
1709596800,2024-03-05,indianapacers,dallasmavericks,0,0,0,79.28307631141261,0
1709769600,2024-03-07,indianapacers,minnesotatimberwolves,0,1,0,52.85469780470195,0
1710028800,2024-03-10,indianapacers,orlandomagic,0,0,0,77.17426995227211,0
1710201600,2024-03-12,indianapacers,oklahomacitythunder,0,0,0,55.66290361002872,0
1710288000,2024-03-13,indianapacers,chicagobulls,0,1,1,82.16817366449457,1
1710547200,2024-03-16,indianapacers,brooklynnets,0,1,0,53.378733032628105,0
1710720000,2024-03-18,indianapacers,clevelandcavaliers,0,0,1,55.820377826690674,0
1710892800,2024-03-20,indianapacers,detroitpistons,0,1,1,84.96144776595266,1
1711065600,2024-03-22,indianapacers,goldenstatewarriors,0,0,1,61.23979809409693,0
1711238400,2024-03-24,indianapacers,losangeleslakers,0,1,0,78.6408445960597,0
1711324800,2024-03-25,indianapacers,losangelesclippers,0,0,0,69.14619726883738,0
1711497600,2024-03-27,indianapacers,chicagobulls,0,1,1,84.34259339382773,1
1711670400,2024-03-29,indianapacers,losangeleslakers,0,1,0,77.8145220656144,0
1711929600,2024-04-01,indianapacers,brooklynnets,0,1,0,52.72036923860249,0
1712102400,2024-04-03,indianapacers,brooklynnets,0,1,0,52.18158516130949,0
1712275200,2024-04-05,indianapacers,oklahomacitythunder,0,0,0,55.92555844156366,0
1712448000,2024-04-07,indianapacers,miamiheat,0,0,1,79.46679461629766,1
1712620800,2024-04-09,indianapacers,torontoraptors,0,1,0,55.27402250390304,1
1712880000,2024-04-12,indianapacers,clevelandcavaliers,0,0,1,57.94839891634489,0
1713052800,2024-04-14,indianapacers,atlantahawks,0,1,1,79.31433768021432,1
1709078400,2024-02-28,losangelesclippers,losangeleslakers,0,1,0,80.0631123592979,0
1709251200,2024-03-01,losangelesclippers,washingtonwizards,0,1,0,62.83626227629812,1
1709424000,2024-03-03,losangelesclippers,minnesotatimberwolves,0,0,0,72.5418112403468,0
1709510400,2024-03-04,losangelesclippers,milwaukeebucks,0,0,0,71.40622143996389,0
1709683200,2024-03-06,losangelesclippers,houstonrockets,0,1,1,81.6693962498715,1
1709942400,2024-03-09,losangelesclippers,chicagobulls,0,1,1,85.36719447688053,1
1710028800,2024-03-10,losangelesclippers,milwaukeebucks,0,1,0,72.07985569301404,0
1710201600,2024-03-12,losangelesclippers,minnesotatimberwolves,0,1,0,73.98124408721924,0
1710374400,2024-03-14,losangelesclippers,chicagobulls,0,1,1,84.59407630719637,1
1710460800,2024-03-15,losangelesclippers,neworleanspelicans,0,1,0,70.90248916023657,0
1710633600,2024-03-17,losangelesclippers,atlantahawks,0,1,1,68.16473622071116,1
1710892800,2024-03-20,losangelesclippers,portlandtrailblazers,0,1,1,76.53283917276482,1
1711065600,2024-03-22,losangelesclippers,portlandtrailblazers,0,1,1,76.7238789608604,1
1711238400,2024-03-24,losangelesclippers,philadelphia76ers,0,1,0,84.6965308942293,0
1711324800,2024-03-25,losangelesclippers,indianapacers,0,1,1,85.68455495332415,1
1711497600,2024-03-27,losangelesclippers,philadelphia76ers,0,1,0,84.30461140682823,0
1711670400,2024-03-29,losangelesclippers,orlandomagic,0,1,1,65.8994140625,1
1711843200,2024-03-31,losangelesclippers,charlottehornets,0,1,1,77.72070111726461,1
1712016000,2024-04-02,losangelesclippers,sacramentokings,0,1,1,83.29054385737369,1
1712188800,2024-04-04,losangelesclippers,denvernuggets,0,0,1,79.66405366596423,1
1712275200,2024-04-05,losangelesclippers,utahjazz,0,1,1,65.96090053257188,1
1712448000,2024-04-07,losangelesclippers,clevelandcavaliers,0,1,0,79.73624884454827,0
1712620800,2024-04-09,losangelesclippers,phoenixsuns,0,1,0,73.44551267121967,0
1712707200,2024-04-10,losangelesclippers,phoenixsuns,0,1,0,73.37353385122198,0
1712880000,2024-04-12,losangelesclippers,utahjazz,0,1,1,66.9114633610374,1
1713052800,2024-04-14,losangelesclippers,houstonrockets,0,1,1,81.72273437600387,1
1709078400,2024-02-28,losangeleslakers,losangelesclippers,0,0,1,80.60003702264082,1
1709164800,2024-02-29,losangeleslakers,washingtonwizards,0,1,1,64.46834170190911,1
1709337600,2024-03-02,losangeleslakers,denvernuggets,0,1,0,75.47071675250403,0
1709510400,2024-03-04,losangeleslakers,oklahomacitythunder,0,1,1,78.8579138203671,1
1709683200,2024-03-06,losangeleslakers,sacramentokings,0,1,0,61.149993996871146,1
1709856000,2024-03-08,losangeleslakers,milwaukeebucks,0,1,0,73.38429272802253,0
1710028800,2024-03-10,losangeleslakers,minnesotatimberwolves,0,1,0,73.6836347579956,0
1710288000,2024-03-13,losangeleslakers,sacramentokings,0,1,0,60.46351011175859,1
1710547200,2024-03-16,losangeleslakers,goldenstatewarriors,0,1,1,65.47955726322375,1
1710720000,2024-03-18,losangeleslakers,atlantahawks,0,1,1,86.1700722041883,1
1711065600,2024-03-22,losangeleslakers,philadelphia76ers,0,1,0,79.49062864403976,0
1711238400,2024-03-24,losangeleslakers,indianapacers,0,1,1,79.75873440190365,1
1711411200,2024-03-26,losangeleslakers,milwaukeebucks,0,0,0,71.9333691095051,0
1711497600,2024-03-27,losangeleslakers,memphisgrizzlies,0,1,1,83.16857390654715,1
1711670400,2024-03-29,losangeleslakers,indianapacers,0,1,1,80.37144831607216,1
1711843200,2024-03-31,losangeleslakers,brooklynnets,0,1,1,67.21221517261706,1
1712016000,2024-04-02,losangeleslakers,torontoraptors,0,1,1,74.36470759542365,1
1712102400,2024-04-03,losangeleslakers,washingtonwizards,0,1,1,67.69272824337608,1
1712361600,2024-04-06,losangeleslakers,clevelandcavaliers,0,0,1,76.29897228040193,1
1712448000,2024-04-07,losangeleslakers,minnesotatimberwolves,0,1,0,74.98696297093441,0
1712620800,2024-04-09,losangeleslakers,goldenstatewarriors,0,0,1,65.54742361369885,1
1712880000,2024-04-12,losangeleslakers,memphisgrizzlies,0,1,1,81.99543202550787,1
1713052800,2024-04-14,losangeleslakers,neworleanspelicans,0,0,0,62.204946668524485,0
1709078400,2024-02-28,memphisgrizzlies,minnesotatimberwolves,0,0,0,83.53229274247822,0
1709251200,2024-03-01,memphisgrizzlies,portlandtrailblazers,0,1,1,68.46777516917177,1
1709337600,2024-03-02,memphisgrizzlies,portlandtrailblazers,0,1,1,68.10634929255436,1
1709510400,2024-03-04,memphisgrizzlies,brooklynnets,0,0,0,74.01186825099744,0
1709683200,2024-03-06,memphisgrizzlies,philadelphia76ers,0,0,0,72.10282739840056,0
1709856000,2024-03-08,memphisgrizzlies,atlantahawks,0,1,1,77.41957290549028,1
1710028800,2024-03-10,memphisgrizzlies,oklahomacitythunder,0,0,0,83.67563875097977,0
1710201600,2024-03-12,memphisgrizzlies,washingtonwizards,0,1,0,78.07365362267744,0
1710288000,2024-03-13,memphisgrizzlies,charlottehornets,0,1,1,79.02115478013691,1
1710547200,2024-03-16,memphisgrizzlies,oklahomacitythunder,0,0,0,83.29243848198338,0
1710720000,2024-03-18,memphisgrizzlies,sacramentokings,0,0,0,82.71413371437474,0
1710892800,2024-03-20,memphisgrizzlies,goldenstatewarriors,0,0,1,76.46880014319169,0
1711065600,2024-03-22,memphisgrizzlies,sanantoniospurs,0,1,1,55.23632094734593,1
1711324800,2024-03-25,memphisgrizzlies,denvernuggets,0,0,0,87.89712544491418,0
1711497600,2024-03-27,memphisgrizzlies,losangeleslakers,0,0,0,82.2234710392199,0
1711756800,2024-03-30,memphisgrizzlies,orlandomagic,0,0,1,75.32077322508158,1
1711929600,2024-04-01,memphisgrizzlies,detroitpistons,0,1,1,80.83995317157947,1
1712102400,2024-04-03,memphisgrizzlies,milwaukeebucks,0,0,0,72.14756614283512,0
1712275200,2024-04-05,memphisgrizzlies,detroitpistons,0,1,1,80.28091832211143,1
1712361600,2024-04-06,memphisgrizzlies,philadelphia76ers,0,0,0,72.32521232805755,0
1712620800,2024-04-09,memphisgrizzlies,sanantoniospurs,0,1,1,56.40083333065636,1
1712707200,2024-04-10,memphisgrizzlies,clevelandcavaliers,0,0,0,72.8239927793804,0
1712880000,2024-04-12,memphisgrizzlies,losangeleslakers,0,0,0,83.8256849238747,0
1713052800,2024-04-14,memphisgrizzlies,denvernuggets,0,0,0,89.92247671830026,0
1708992000,2024-02-27,miamiheat,portlandtrailblazers,0,1,0,68.5236701714365,0
1709164800,2024-02-29,miamiheat,denvernuggets,0,0,0,83.22527471341584,0
1709337600,2024-03-02,miamiheat,utahjazz,0,1,1,66.3579505117316,1
1709596800,2024-03-05,miamiheat,detroitpistons,0,1,1,78.58144218043276,1
1709769600,2024-03-07,miamiheat,dallasmavericks,0,1,1,70.97034133108038,1
1709856000,2024-03-08,miamiheat,oklahomacitythunder,0,1,1,61.04946254429064,1
1710028800,2024-03-10,miamiheat,washingtonwizards,0,1,1,85.44767214122572,1
1710288000,2024-03-13,miamiheat,denvernuggets,0,0,0,79.85464183907759,0
1710460800,2024-03-15,miamiheat,detroitpistons,0,1,1,79.96485669989336,1
1710633600,2024-03-17,miamiheat,detroitpistons,0,1,1,79.74817637393349,1
1710720000,2024-03-18,miamiheat,philadelphia76ers,0,1,1,80.67220321454501,1
1710892800,2024-03-20,miamiheat,clevelandcavaliers,0,1,0,79.29427912360742,0
1711065600,2024-03-22,miamiheat,neworleanspelicans,0,0,1,58.85360966230694,1
1711238400,2024-03-24,miamiheat,clevelandcavaliers,0,1,0,81.44211543233772,0
1711411200,2024-03-26,miamiheat,goldenstatewarriors,0,0,1,58.35487824992129,0
1711670400,2024-03-29,miamiheat,portlandtrailblazers,0,0,0,67.79987716674803,0
1711843200,2024-03-31,miamiheat,washingtonwizards,0,1,1,83.0248908996582,1
1712016000,2024-04-02,miamiheat,newyorkknicks,0,1,0,73.91871437273528,0
1712188800,2024-04-04,miamiheat,philadelphia76ers,0,1,1,82.19157392100284,1
1712275200,2024-04-05,miamiheat,houstonrockets,0,1,0,78.44694488926937,0
1712448000,2024-04-07,miamiheat,indianapacers,0,1,0,71.67044205414622,0
1712620800,2024-04-09,miamiheat,atlantahawks,0,1,1,67.83056033285041,1
1712707200,2024-04-10,miamiheat,dallasmavericks,0,1,1,71.74189836100528,1
1712880000,2024-04-12,miamiheat,torontoraptors,0,1,1,74.24743494234588,1
1713052800,2024-04-14,miamiheat,torontoraptors,0,1,1,73.681742818732,1
1708992000,2024-02-27,milwaukeebucks,charlottehornets,0,1,1,90.53061796489514,1
1709164800,2024-02-29,milwaukeebucks,charlottehornets,0,1,1,90.65064791629189,1
1709251200,2024-03-01,milwaukeebucks,chicagobulls,0,1,1,83.90210623490184,1
1709510400,2024-03-04,milwaukeebucks,losangelesclippers,0,0,1,78.62507679587917,1
1709683200,2024-03-06,milwaukeebucks,goldenstatewarriors,0,1,0,74.56554257242303,0
1709856000,2024-03-08,milwaukeebucks,losangeleslakers,0,1,1,64.91309710552818,1
1710028800,2024-03-10,milwaukeebucks,losangelesclippers,0,0,1,79.49688118382504,1
1710201600,2024-03-12,milwaukeebucks,sacramentokings,0,0,1,76.17113424602307,1
1710374400,2024-03-14,milwaukeebucks,philadelphia76ers,0,1,1,74.90846794529965,1
1710633600,2024-03-17,milwaukeebucks,phoenixsuns,0,1,1,74.05182180906597,1
1710892800,2024-03-20,milwaukeebucks,bostonceltics,0,1,0,57.9272770379719,1
1710979200,2024-03-21,milwaukeebucks,brooklynnets,0,1,1,90.87025938535992,1
1711238400,2024-03-24,milwaukeebucks,oklahomacitythunder,0,1,0,80.52856046275087,0
1711411200,2024-03-26,milwaukeebucks,losangeleslakers,0,1,1,69.40143590224417,1
1711584000,2024-03-28,milwaukeebucks,neworleanspelicans,0,1,1,84.5915863137496,1
1711756800,2024-03-30,milwaukeebucks,atlantahawks,0,1,1,87.66733546006051,1
1712016000,2024-04-02,milwaukeebucks,washingtonwizards,0,1,1,83.68660665813246,1
1712102400,2024-04-03,milwaukeebucks,memphisgrizzlies,0,1,1,68.24450718729119,1
1712275200,2024-04-05,milwaukeebucks,torontoraptors,0,1,1,84.13073248612253,1
1712448000,2024-04-07,milwaukeebucks,newyorkknicks,0,1,0,71.14295497693513,0
1712620800,2024-04-09,milwaukeebucks,bostonceltics,0,0,0,58.116093384592155,0
1712707200,2024-04-10,milwaukeebucks,orlandomagic,0,1,1,73.33143364755732,1
1712880000,2024-04-12,milwaukeebucks,oklahomacitythunder,0,0,0,78.76905155181885,0
1713052800,2024-04-14,milwaukeebucks,orlandomagic,0,1,1,72.9673406199405,1
1708992000,2024-02-27,minnesotatimberwolves,sanantoniospurs,0,1,1,76.71432733535767,1
1709078400,2024-02-28,minnesotatimberwolves,memphisgrizzlies,0,1,1,84.62198839689556,1
1709251200,2024-03-01,minnesotatimberwolves,sacramentokings,0,1,1,73.2693429244192,1
1709424000,2024-03-03,minnesotatimberwolves,losangelesclippers,0,0,1,63.688317876113096,1
1709510400,2024-03-04,minnesotatimberwolves,portlandtrailblazers,0,1,0,77.2290096282959,1
1709769600,2024-03-07,minnesotatimberwolves,indianapacers,0,1,1,81.21049123061331,1
1709856000,2024-03-08,minnesotatimberwolves,clevelandcavaliers,0,0,1,53.99137675134759,1
1710028800,2024-03-10,minnesotatimberwolves,losangeleslakers,0,0,1,75.68161048387226,1
1710201600,2024-03-12,minnesotatimberwolves,losangelesclippers,0,1,1,63.66494971827457,1
1710547200,2024-03-16,minnesotatimberwolves,utahjazz,0,1,1,67.8392075237475,1
1710720000,2024-03-18,minnesotatimberwolves,utahjazz,0,1,1,67.39241650230007,1
1710806400,2024-03-19,minnesotatimberwolves,denvernuggets,0,0,1,77.02444874612908,1
1711065600,2024-03-22,minnesotatimberwolves,clevelandcavaliers,0,1,1,52.97005367279052,1
1711238400,2024-03-24,minnesotatimberwolves,goldenstatewarriors,0,1,0,57.00954783590216,1
1711497600,2024-03-27,minnesotatimberwolves,detroitpistons,0,1,0,82.04487128006785,0
1711670400,2024-03-29,minnesotatimberwolves,denvernuggets,0,0,1,76.25111035296791,1
1711843200,2024-03-31,minnesotatimberwolves,chicagobulls,0,1,1,69.84098045449508,1
1712016000,2024-04-02,minnesotatimberwolves,houstonrockets,0,1,0,81.91321586307727,0
1712102400,2024-04-03,minnesotatimberwolves,torontoraptors,0,1,1,72.89755254042777,1
1712275200,2024-04-05,minnesotatimberwolves,phoenixsuns,0,1,0,68.76239455373663,0
1712448000,2024-04-07,minnesotatimberwolves,losangeleslakers,0,0,1,74.9401212993421,1
1712620800,2024-04-09,minnesotatimberwolves,washingtonwizards,0,1,0,71.06035503588225,1
1712707200,2024-04-10,minnesotatimberwolves,denvernuggets,0,0,1,77.6463892083419,1
1712880000,2024-04-12,minnesotatimberwolves,atlantahawks,0,1,0,72.7559253040113,0
1713052800,2024-04-14,minnesotatimberwolves,phoenixsuns,0,1,0,70.42755157069156,0
1708992000,2024-02-27,neworleanspelicans,newyorkknicks,0,0,0,74.32759681500886,0
1709078400,2024-02-28,neworleanspelicans,indianapacers,0,1,1,79.66950496874357,1
1709251200,2024-03-01,neworleanspelicans,indianapacers,0,1,1,77.60741063168174,1
1709596800,2024-03-05,neworleanspelicans,torontoraptors,0,1,0,61.13561863648265,1
1709856000,2024-03-08,neworleanspelicans,philadelphia76ers,0,0,1,67.67009062516061,1
1710028800,2024-03-10,neworleanspelicans,atlantahawks,0,1,0,65.9703177652861,0
1710288000,2024-03-13,neworleanspelicans,clevelandcavaliers,0,0,1,77.48217944095009,1
1710460800,2024-03-15,neworleanspelicans,losangelesclippers,0,0,1,69.16501838282534,1
1710547200,2024-03-16,neworleanspelicans,portlandtrailblazers,0,1,1,85.49131654438219,1
1710806400,2024-03-19,neworleanspelicans,brooklynnets,0,1,0,76.70386670765124,0
1710979200,2024-03-21,neworleanspelicans,orlandomagic,0,0,1,59.89422539660805,0
1711065600,2024-03-22,neworleanspelicans,miamiheat,0,0,0,70.76235981991417,0
1711238400,2024-03-24,neworleanspelicans,detroitpistons,0,1,1,76.32985672197843,1
1711411200,2024-03-26,neworleanspelicans,oklahomacitythunder,0,0,0,50.950964526126256,0
1711584000,2024-03-28,neworleanspelicans,milwaukeebucks,0,0,0,80.31920144432469,0
1711756800,2024-03-30,neworleanspelicans,bostonceltics,0,0,0,77.50158789283351,0
1711929600,2024-04-01,neworleanspelicans,phoenixsuns,0,1,0,74.01660515132704,0
1712102400,2024-04-03,neworleanspelicans,orlandomagic,0,0,1,59.35832543122141,0
1712275200,2024-04-05,neworleanspelicans,sanantoniospurs,0,1,1,80.92794059452258,1
1712448000,2024-04-07,neworleanspelicans,phoenixsuns,0,0,0,73.72230991564298,0
1712620800,2024-04-09,neworleanspelicans,portlandtrailblazers,0,1,1,85.37675792292544,1
1712793600,2024-04-11,neworleanspelicans,sacramentokings,0,1,1,80.79553114740473,1
1712880000,2024-04-12,neworleanspelicans,goldenstatewarriors,0,0,0,82.52416560524388,0
1713052800,2024-04-14,neworleanspelicans,losangeleslakers,0,0,1,79.33101802123221,1
1708992000,2024-02-27,newyorkknicks,neworleanspelicans,0,0,0,79.3587125226071,0
1709164800,2024-02-29,newyorkknicks,goldenstatewarriors,0,0,1,82.6555178792853,1
1709424000,2024-03-03,newyorkknicks,clevelandcavaliers,0,1,0,78.30464393214176,0
1709596800,2024-03-05,newyorkknicks,atlantahawks,0,1,0,54.54886273333901,0
1709856000,2024-03-08,newyorkknicks,orlandomagic,0,1,0,78.5256330841466,0
1710028800,2024-03-10,newyorkknicks,philadelphia76ers,0,0,0,81.36228164873624,0
1710201600,2024-03-12,newyorkknicks,philadelphia76ers,0,0,0,80.84226876810976,0
1710374400,2024-03-14,newyorkknicks,portlandtrailblazers,0,1,1,86.94849079533627,1
1710547200,2024-03-16,newyorkknicks,sacramentokings,0,1,0,69.53474998474121,0
1710720000,2024-03-18,newyorkknicks,goldenstatewarriors,0,0,1,85.07690600345009,1
1710979200,2024-03-21,newyorkknicks,denvernuggets,0,0,1,74.83687496185303,1
1711152000,2024-03-23,newyorkknicks,brooklynnets,0,1,1,79.01687815314845,1
1711324800,2024-03-25,newyorkknicks,detroitpistons,0,1,0,65.5092612065767,1
1711497600,2024-03-27,newyorkknicks,torontoraptors,0,0,1,77.1826114654541,1
1711670400,2024-03-29,newyorkknicks,sanantoniospurs,0,1,1,75.16031320471512,1
1711843200,2024-03-31,newyorkknicks,oklahomacitythunder,0,0,0,79.73513359772532,0
1712016000,2024-04-02,newyorkknicks,miamiheat,0,0,1,55.10230054353413,0
1712188800,2024-04-04,newyorkknicks,sacramentokings,0,1,0,69.84286383578652,0
1712275200,2024-04-05,newyorkknicks,chicagobulls,0,1,1,60.71482515335083,1
1712448000,2024-04-07,newyorkknicks,milwaukeebucks,0,0,1,79.51248650801809,1
1712620800,2024-04-09,newyorkknicks,chicagobulls,0,1,1,60.61182744879471,1
1712793600,2024-04-11,newyorkknicks,bostonceltics,0,0,0,65.10002964421322,0
1712880000,2024-04-12,newyorkknicks,brooklynnets,0,1,1,81.75254638571488,1
1713052800,2024-04-14,newyorkknicks,chicagobulls,0,1,1,59.35778198744121,1
1708992000,2024-02-27,oklahomacitythunder,houstonrockets,0,1,0,79.09723532827276,0
1709164800,2024-02-29,oklahomacitythunder,sanantoniospurs,0,1,1,89.98441008517618,1
1709424000,2024-03-03,oklahomacitythunder,phoenixsuns,0,1,1,65.67249019522416,1
1709510400,2024-03-04,oklahomacitythunder,losangeleslakers,0,0,0,53.868041716123884,0
1709683200,2024-03-06,oklahomacitythunder,portlandtrailblazers,0,1,1,82.84269132112202,1
1709856000,2024-03-08,oklahomacitythunder,miamiheat,0,0,0,78.52467988666736,0
1710028800,2024-03-10,oklahomacitythunder,memphisgrizzlies,0,1,1,86.83644083926552,1
1710201600,2024-03-12,oklahomacitythunder,indianapacers,0,1,0,59.29508164054469,1
1710374400,2024-03-14,oklahomacitythunder,dallasmavericks,0,1,1,65.59260009464464,1
1710547200,2024-03-16,oklahomacitythunder,memphisgrizzlies,0,1,1,87.33091921555369,1
1710892800,2024-03-20,oklahomacitythunder,utahjazz,0,1,1,82.1227727940208,1
1711065600,2024-03-22,oklahomacitythunder,torontoraptors,0,1,0,83.78472724713777,0
1711238400,2024-03-24,oklahomacitythunder,milwaukeebucks,0,1,1,78.2372478183947,1
1711411200,2024-03-26,oklahomacitythunder,neworleanspelicans,0,1,0,71.01979845448544,0
1711497600,2024-03-27,oklahomacitythunder,houstonrockets,0,1,0,79.2716360092163,0
1711670400,2024-03-29,oklahomacitythunder,phoenixsuns,0,1,1,67.63533388940911,1
1711843200,2024-03-31,oklahomacitythunder,newyorkknicks,0,1,1,67.93686871779593,1
1712016000,2024-04-02,oklahomacitythunder,philadelphia76ers,0,0,0,76.93323637309828,0
1712102400,2024-04-03,oklahomacitythunder,bostonceltics,0,0,1,81.27053554434525,1
1712275200,2024-04-05,oklahomacitythunder,indianapacers,0,0,0,57.4131545769541,0
1712448000,2024-04-07,oklahomacitythunder,charlottehornets,0,1,0,76.94177833356355,0
1712620800,2024-04-09,oklahomacitythunder,sacramentokings,0,1,0,75.60690207230418,0
1712707200,2024-04-10,oklahomacitythunder,sanantoniospurs,0,1,1,86.86090384031597,1
1712880000,2024-04-12,oklahomacitythunder,milwaukeebucks,0,1,1,81.54465208555523,1
1713052800,2024-04-14,oklahomacitythunder,dallasmavericks,0,1,1,63.751566083807695,1
1708992000,2024-02-27,orlandomagic,brooklynnets,0,1,0,80.1467628228037,0
1709164800,2024-02-29,orlandomagic,utahjazz,0,0,1,76.00608931089702,1
1709424000,2024-03-03,orlandomagic,detroitpistons,0,1,1,86.4672084607576,1
1709596800,2024-03-05,orlandomagic,charlottehornets,0,1,1,84.22742898840652,1
1709683200,2024-03-06,orlandomagic,washingtonwizards,0,1,1,76.14002448634098,1
1709856000,2024-03-08,orlandomagic,newyorkknicks,0,1,1,63.65692891572652,1
1710028800,2024-03-10,orlandomagic,indianapacers,0,0,1,79.58683689017045,1
1710288000,2024-03-13,orlandomagic,brooklynnets,0,0,0,79.64389148511384,0
1710460800,2024-03-15,orlandomagic,torontoraptors,0,0,1,64.77658605575562,1
1710633600,2024-03-17,orlandomagic,torontoraptors,0,0,1,65.71338410126535,1
1710806400,2024-03-19,orlandomagic,charlottehornets,0,1,1,80.72074694382518,1
1710979200,2024-03-21,orlandomagic,neworleanspelicans,0,0,0,80.45177499871505,0
1711152000,2024-03-23,orlandomagic,sacramentokings,0,0,0,83.15103420458342,0
1711497600,2024-03-27,orlandomagic,goldenstatewarriors,0,1,1,77.56572020681281,1
1711670400,2024-03-29,orlandomagic,losangelesclippers,0,0,0,85.30906667207415,0
1711756800,2024-03-30,orlandomagic,memphisgrizzlies,0,0,0,75.87377382579604,0
1711929600,2024-04-01,orlandomagic,portlandtrailblazers,0,1,1,66.77272540644596,1
1712102400,2024-04-03,orlandomagic,neworleanspelicans,0,1,0,79.6512104586551,0
1712275200,2024-04-05,orlandomagic,charlottehornets,0,1,1,83.3853107251619,1
1712448000,2024-04-07,orlandomagic,chicagobulls,0,1,0,57.078238361760185,1
1712620800,2024-04-09,orlandomagic,houstonrockets,0,1,1,78.52199918345401,1
1712707200,2024-04-10,orlandomagic,milwaukeebucks,0,0,0,75.97108667775204,0
1712880000,2024-04-12,orlandomagic,philadelphia76ers,0,0,0,84.02394972349468,0
1713052800,2024-04-14,orlandomagic,milwaukeebucks,0,0,0,76.5292585774472,0
1708992000,2024-02-27,philadelphia76ers,bostonceltics,0,0,0,73.66165196268182,0
1709251200,2024-03-01,philadelphia76ers,charlottehornets,0,1,1,80.38301876971597,1
1709424000,2024-03-03,philadelphia76ers,dallasmavericks,0,0,1,78.03890890824168,1
1709596800,2024-03-05,philadelphia76ers,brooklynnets,0,1,1,79.76778918818424,1
1709683200,2024-03-06,philadelphia76ers,memphisgrizzlies,0,0,1,60.74333419297871,1
1709856000,2024-03-08,philadelphia76ers,neworleanspelicans,0,1,0,75.81308510428981,0
1710028800,2024-03-10,philadelphia76ers,newyorkknicks,0,1,1,80.0099290546618,1
1710201600,2024-03-12,philadelphia76ers,newyorkknicks,0,1,1,79.73118322773983,1
1710374400,2024-03-14,philadelphia76ers,milwaukeebucks,0,0,0,52.55945075185675,0
1710547200,2024-03-16,philadelphia76ers,charlottehornets,0,1,1,80.59872195595189,1
1710720000,2024-03-18,philadelphia76ers,miamiheat,0,0,0,78.04764767696983,0
1710892800,2024-03-20,philadelphia76ers,phoenixsuns,0,0,1,52.42706642652813,1
1711065600,2024-03-22,philadelphia76ers,losangeleslakers,0,1,1,83.95608043670654,1
1711238400,2024-03-24,philadelphia76ers,losangelesclippers,0,0,1,78.51591009842723,1
1711324800,2024-03-25,philadelphia76ers,sacramentokings,0,1,1,60.31827404624538,1
1711497600,2024-03-27,philadelphia76ers,losangelesclippers,0,0,1,79.02969962672184,1
1711670400,2024-03-29,philadelphia76ers,clevelandcavaliers,0,1,0,72.21654922083805,0
1711843200,2024-03-31,philadelphia76ers,torontoraptors,0,1,1,67.12370491027832,1
1712016000,2024-04-02,philadelphia76ers,oklahomacitythunder,0,0,1,74.26808603186358,1
1712188800,2024-04-04,philadelphia76ers,miamiheat,0,0,0,79.00053998043663,0
1712361600,2024-04-06,philadelphia76ers,memphisgrizzlies,0,0,1,60.494318535453395,1
1712448000,2024-04-07,philadelphia76ers,sanantoniospurs,0,1,1,81.34652090072632,1
1712620800,2024-04-09,philadelphia76ers,detroitpistons,0,1,1,90.29346973017643,1
1712880000,2024-04-12,philadelphia76ers,orlandomagic,0,1,1,63.92777322468005,1
1713052800,2024-04-14,philadelphia76ers,brooklynnets,0,1,1,79.52328240244012,1
1709164800,2024-02-29,phoenixsuns,houstonrockets,0,1,1,86.773539041218,1
1709337600,2024-03-02,phoenixsuns,houstonrockets,0,1,1,84.27708896837737,1
1709424000,2024-03-03,phoenixsuns,oklahomacitythunder,0,1,0,70.88670288889033,0
1709596800,2024-03-05,phoenixsuns,denvernuggets,0,1,0,59.83451785539326,0
1709769600,2024-03-07,phoenixsuns,torontoraptors,0,1,0,79.43064940603156,0
1709942400,2024-03-09,phoenixsuns,bostonceltics,0,0,1,71.53601352792036,1
1710115200,2024-03-11,phoenixsuns,clevelandcavaliers,0,1,0,79.4193330563997,0
1710374400,2024-03-14,phoenixsuns,bostonceltics,0,0,1,70.2741574739155,1
1710460800,2024-03-15,phoenixsuns,charlottehornets,0,1,1,89.04199464697587,1
1710633600,2024-03-17,phoenixsuns,milwaukeebucks,0,1,0,80.62947742562545,0
1710892800,2024-03-20,phoenixsuns,philadelphia76ers,0,1,0,77.07280246835006,0
1710979200,2024-03-21,phoenixsuns,atlantahawks,0,1,0,72.48134015735826,0
1711152000,2024-03-23,phoenixsuns,sanantoniospurs,0,1,0,70.46249108565482,1
1711324800,2024-03-25,phoenixsuns,sanantoniospurs,0,1,0,70.29161398034347,1
1711497600,2024-03-27,phoenixsuns,denvernuggets,0,1,0,59.18447687751369,0
1711670400,2024-03-29,phoenixsuns,oklahomacitythunder,0,1,0,73.13506387409412,0
1711929600,2024-04-01,phoenixsuns,neworleanspelicans,0,1,1,57.255791764510306,1
1712102400,2024-04-03,phoenixsuns,clevelandcavaliers,0,1,0,76.98722086454693,0
1712275200,2024-04-05,phoenixsuns,minnesotatimberwolves,0,1,1,75.82975834294369,1
1712448000,2024-04-07,phoenixsuns,neworleanspelicans,0,1,1,56.847582264950404,1
1712620800,2024-04-09,phoenixsuns,losangelesclippers,0,0,1,79.9965278976842,1
1712707200,2024-04-10,phoenixsuns,losangelesclippers,0,0,1,80.07550493039582,1
1712880000,2024-04-12,phoenixsuns,sacramentokings,0,1,0,79.32478879627429,0
1713052800,2024-04-14,phoenixsuns,minnesotatimberwolves,0,1,1,76.43827169819883,1
1708992000,2024-02-27,portlandtrailblazers,miamiheat,0,0,1,80.95536688754433,1
1709251200,2024-03-01,portlandtrailblazers,memphisgrizzlies,0,0,0,88.60332288240133,0
1709337600,2024-03-02,portlandtrailblazers,memphisgrizzlies,0,0,0,88.85455056240684,0
1709510400,2024-03-04,portlandtrailblazers,minnesotatimberwolves,0,0,0,64.88202913183915,0
1709683200,2024-03-06,portlandtrailblazers,oklahomacitythunder,0,0,0,89.13117499100535,0
1709856000,2024-03-08,portlandtrailblazers,houstonrockets,0,0,1,80.06101949591387,1
1709942400,2024-03-09,portlandtrailblazers,torontoraptors,0,0,1,66.2530114274276,0
1710115200,2024-03-11,portlandtrailblazers,bostonceltics,0,0,0,84.97092909561961,0
1710288000,2024-03-13,portlandtrailblazers,atlantahawks,0,0,0,85.04883339530542,0
1710374400,2024-03-14,portlandtrailblazers,newyorkknicks,0,0,0,89.15272155560945,0
1710547200,2024-03-16,portlandtrailblazers,neworleanspelicans,0,0,0,89.91460850364284,0
1710720000,2024-03-18,portlandtrailblazers,chicagobulls,0,0,0,90.017999147114,0
1710892800,2024-03-20,portlandtrailblazers,losangelesclippers,0,0,0,81.22307295548288,0
1711065600,2024-03-22,portlandtrailblazers,losangelesclippers,0,0,0,81.31264681565133,0
1711152000,2024-03-23,portlandtrailblazers,denvernuggets,0,0,0,90.64674066242418,0
1711324800,2024-03-25,portlandtrailblazers,houstonrockets,0,0,1,80.68520950016223,1
1711497600,2024-03-27,portlandtrailblazers,atlantahawks,0,0,0,84.80553049790232,0
1711670400,2024-03-29,portlandtrailblazers,miamiheat,0,0,1,79.72042540500038,1
1711929600,2024-04-01,portlandtrailblazers,orlandomagic,0,0,0,90.2480512418245,0
1712102400,2024-04-03,portlandtrailblazers,charlottehornets,0,0,1,87.8782000792654,1
1712275200,2024-04-05,portlandtrailblazers,washingtonwizards,0,0,0,74.23552884553608,0
1712448000,2024-04-07,portlandtrailblazers,bostonceltics,0,0,0,85.2643972698011,0
1712620800,2024-04-09,portlandtrailblazers,neworleanspelicans,0,0,0,90.54001381522731,0
1712793600,2024-04-11,portlandtrailblazers,goldenstatewarriors,0,0,0,92.20740443781803,0
1712880000,2024-04-12,portlandtrailblazers,houstonrockets,0,0,1,80.3840644987006,1
1713052800,2024-04-14,portlandtrailblazers,sacramentokings,0,0,1,84.69772233461079,1
1709078400,2024-02-28,sacramentokings,denvernuggets,0,0,1,69.16703098698667,1
1709251200,2024-03-01,sacramentokings,minnesotatimberwolves,0,1,0,75.4252758779024,0
1709510400,2024-03-04,sacramentokings,chicagobulls,0,1,1,71.55202930851986,1
1709683200,2024-03-06,sacramentokings,losangeleslakers,0,0,1,76.82696924711527,1
1709769600,2024-03-07,sacramentokings,sanantoniospurs,0,1,1,84.18738816913805,1
1710028800,2024-03-10,sacramentokings,houstonrockets,0,1,0,80.4177424531234,0
1710201600,2024-03-12,sacramentokings,milwaukeebucks,0,1,0,73.03176576212833,0
1710288000,2024-03-13,sacramentokings,losangeleslakers,0,1,1,77.11882244913201,1
1710547200,2024-03-16,sacramentokings,newyorkknicks,0,1,1,77.90465462835212,1
1710720000,2024-03-18,sacramentokings,memphisgrizzlies,0,1,1,80.1541637119494,1
1710892800,2024-03-20,sacramentokings,torontoraptors,0,1,0,83.89408718912225,0
1710979200,2024-03-21,sacramentokings,washingtonwizards,0,1,1,86.58783526169626,1
1711152000,2024-03-23,sacramentokings,orlandomagic,0,1,1,80.34274643345883,1
1711324800,2024-03-25,sacramentokings,philadelphia76ers,0,0,0,66.42985205901296,0
1711411200,2024-03-26,sacramentokings,dallasmavericks,0,1,1,81.15202735599719,1
1711670400,2024-03-29,sacramentokings,dallasmavericks,0,1,1,81.89974804928428,1
1711843200,2024-03-31,sacramentokings,utahjazz,0,0,1,80.43438979199058,1
1712016000,2024-04-02,sacramentokings,losangelesclippers,0,0,0,84.47604219537031,0
1712188800,2024-04-04,sacramentokings,newyorkknicks,0,1,1,78.0881986618042,1
1712275200,2024-04-05,sacramentokings,bostonceltics,0,0,0,70.83475845738461,0
1712448000,2024-04-07,sacramentokings,brooklynnets,0,1,1,75.88157312493576,1
1712620800,2024-04-09,sacramentokings,oklahomacitythunder,0,1,1,60.36333837007222,1
1712793600,2024-04-11,sacramentokings,neworleanspelicans,0,0,0,74.72900942752236,0
1712880000,2024-04-12,sacramentokings,phoenixsuns,0,1,1,63.6800889968872,1
1713052800,2024-04-14,sacramentokings,portlandtrailblazers,0,1,0,75.37178571600663,0
1708992000,2024-02-27,sanantoniospurs,minnesotatimberwolves,0,0,0,85.9162204642045,0
1709164800,2024-02-29,sanantoniospurs,oklahomacitythunder,0,0,0,92.64710215518349,0
1709424000,2024-03-03,sanantoniospurs,indianapacers,0,0,0,89.47123964209305,0
1709596800,2024-03-05,sanantoniospurs,houstonrockets,0,0,0,82.92315676337795,0
1709769600,2024-03-07,sanantoniospurs,sacramentokings,0,0,0,79.52427833958677,0
1709942400,2024-03-09,sanantoniospurs,goldenstatewarriors,0,0,0,87.12904930114746,0
1710115200,2024-03-11,sanantoniospurs,goldenstatewarriors,0,0,0,86.8305176182797,0
1710201600,2024-03-12,sanantoniospurs,houstonrockets,0,0,0,83.10963547857185,0
1710460800,2024-03-15,sanantoniospurs,denvernuggets,0,0,0,90.39784541882968,0
1710633600,2024-03-17,sanantoniospurs,brooklynnets,0,0,1,61.13144826889038,0
1710806400,2024-03-19,sanantoniospurs,dallasmavericks,0,0,0,81.31992591054816,0
1711065600,2024-03-22,sanantoniospurs,memphisgrizzlies,0,0,0,87.88150205110249,0
1711152000,2024-03-23,sanantoniospurs,phoenixsuns,0,0,1,85.72577386153372,0
1711324800,2024-03-25,sanantoniospurs,phoenixsuns,0,0,1,85.55150042082134,0
1711497600,2024-03-27,sanantoniospurs,utahjazz,0,0,0,72.54838546953704,0
1711670400,2024-03-29,sanantoniospurs,newyorkknicks,0,0,0,85.76479148864746,0
1711843200,2024-03-31,sanantoniospurs,goldenstatewarriors,0,0,0,87.68859963668021,0
1712016000,2024-04-02,sanantoniospurs,denvernuggets,0,0,0,90.52299108003315,0
1712275200,2024-04-05,sanantoniospurs,neworleanspelicans,0,0,0,84.14448948910362,0
1712448000,2024-04-07,sanantoniospurs,philadelphia76ers,0,0,0,86.04323266681872,0
1712620800,2024-04-09,sanantoniospurs,memphisgrizzlies,0,0,0,89.18015826375861,0
1712707200,2024-04-10,sanantoniospurs,oklahomacitythunder,0,0,0,93.8995505885074,0
1712880000,2024-04-12,sanantoniospurs,denvernuggets,0,0,0,90.8553621392501,0
1713052800,2024-04-14,sanantoniospurs,detroitpistons,0,0,0,76.8059455721002,0
1709078400,2024-02-28,torontoraptors,dallasmavericks,0,1,1,71.34006412405716,1
1709251200,2024-03-01,torontoraptors,goldenstatewarriors,0,0,0,74.49978748120759,0
1709424000,2024-03-03,torontoraptors,charlottehornets,0,1,1,68.87340573260659,1
1709596800,2024-03-05,torontoraptors,neworleanspelicans,0,0,1,73.93443223049766,1
1709769600,2024-03-07,torontoraptors,phoenixsuns,0,0,1,65.74433708190918,1
1709942400,2024-03-09,torontoraptors,portlandtrailblazers,0,1,0,81.62945973245722,0
1710115200,2024-03-11,torontoraptors,denvernuggets,0,0,0,84.54818459560995,0
1710288000,2024-03-13,torontoraptors,detroitpistons,0,1,0,62.87118299383866,0
1710460800,2024-03-15,torontoraptors,orlandomagic,0,1,0,78.01916242900647,0
1710633600,2024-03-17,torontoraptors,orlandomagic,0,1,0,77.78263915212531,0
1710892800,2024-03-20,torontoraptors,sacramentokings,0,0,1,78.81793155168234,1
1711065600,2024-03-22,torontoraptors,oklahomacitythunder,0,0,1,84.42611789703368,1
1711152000,2024-03-23,torontoraptors,washingtonwizards,0,1,1,88.3999561510588,1
1711324800,2024-03-25,torontoraptors,brooklynnets,0,1,0,82.44340284247147,0
1711497600,2024-03-27,torontoraptors,newyorkknicks,0,1,0,76.531116460499,0
1711843200,2024-03-31,torontoraptors,philadelphia76ers,0,0,1,57.17839740452014,0
1712016000,2024-04-02,torontoraptors,losangeleslakers,0,0,0,64.94655062022962,0
1712102400,2024-04-03,torontoraptors,minnesotatimberwolves,0,0,0,55.72926626707379,0
1712275200,2024-04-05,torontoraptors,milwaukeebucks,0,1,0,64.47924265108611,0
1712448000,2024-04-07,torontoraptors,washingtonwizards,0,1,1,88.48251548566317,1
1712620800,2024-04-09,torontoraptors,indianapacers,0,0,1,73.03108127493607,1
1712707200,2024-04-10,torontoraptors,brooklynnets,0,1,0,80.72966289520264,0
1712880000,2024-04-12,torontoraptors,miamiheat,0,0,0,73.55420233073988,0
1713052800,2024-04-14,torontoraptors,miamiheat,0,0,0,73.27370450371191,0
1708992000,2024-02-27,utahjazz,atlantahawks,0,1,0,79.55201658449674,0
1709164800,2024-02-29,utahjazz,orlandomagic,0,0,0,74.17282340401097,0
1709337600,2024-03-02,utahjazz,miamiheat,0,0,0,67.19226390437076,0
1709510400,2024-03-04,utahjazz,washingtonwizards,0,1,1,66.70007013019763,1
1709683200,2024-03-06,utahjazz,chicagobulls,0,1,0,72.29791330036365,0
1709942400,2024-03-09,utahjazz,denvernuggets,0,0,0,76.87992831280357,0
1710201600,2024-03-12,utahjazz,bostonceltics,0,0,0,72.14711465333637,0
1710460800,2024-03-15,utahjazz,atlantahawks,0,1,0,79.37851474159642,0
1710547200,2024-03-16,utahjazz,minnesotatimberwolves,0,1,0,77.71917990634317,0
1710720000,2024-03-18,utahjazz,minnesotatimberwolves,0,1,0,76.84789426703203,0
1710892800,2024-03-20,utahjazz,oklahomacitythunder,0,0,0,68.13489263936093,0
1710979200,2024-03-21,utahjazz,dallasmavericks,0,1,0,83.05826091766356,0
1711152000,2024-03-23,utahjazz,houstonrockets,0,1,1,81.55616198087993,1
1711324800,2024-03-25,utahjazz,dallasmavericks,0,1,0,84.15012076026514,0
1711497600,2024-03-27,utahjazz,sanantoniospurs,0,1,1,85.52442620929918,1
1711670400,2024-03-29,utahjazz,houstonrockets,0,1,1,81.77168246319418,1
1711843200,2024-03-31,utahjazz,sacramentokings,0,1,0,80.29503270199423,0
1712016000,2024-04-02,utahjazz,clevelandcavaliers,0,0,0,67.0224602347926,0
1712275200,2024-04-05,utahjazz,losangelesclippers,0,0,0,71.44155996724179,0
1712448000,2024-04-07,utahjazz,goldenstatewarriors,0,0,0,79.34109215987355,0
1712620800,2024-04-09,utahjazz,denvernuggets,0,0,0,78.39609517549214,0
1712793600,2024-04-11,utahjazz,houstonrockets,0,1,1,82.84277931012605,1
1712880000,2024-04-12,utahjazz,losangelesclippers,0,0,0,72.21511858387997,0
1713052800,2024-04-14,utahjazz,goldenstatewarriors,0,0,0,79.46770597759046,0
1708992000,2024-02-27,washingtonwizards,goldenstatewarriors,0,0,0,82.96339491793984,0
1709164800,2024-02-29,washingtonwizards,losangeleslakers,0,0,0,66.17409302058974,0
1709251200,2024-03-01,washingtonwizards,losangelesclippers,0,0,0,75.89529484196713,0
1709510400,2024-03-04,washingtonwizards,utahjazz,0,0,0,64.76168953744988,0
1709683200,2024-03-06,washingtonwizards,orlandomagic,0,0,1,61.97447455556769,0
1709856000,2024-03-08,washingtonwizards,charlottehornets,0,0,0,66.05871802882145,0
1710028800,2024-03-10,washingtonwizards,miamiheat,0,0,0,85.1574367723967,0
1710201600,2024-03-12,washingtonwizards,memphisgrizzlies,0,0,1,62.050518261758896,0
1710374400,2024-03-14,washingtonwizards,houstonrockets,0,0,0,61.93933747944079,0
1710547200,2024-03-16,washingtonwizards,chicagobulls,0,0,0,82.05948400497435,0
1710633600,2024-03-17,washingtonwizards,bostonceltics,0,0,0,82.95141998090243,0
1710806400,2024-03-19,washingtonwizards,houstonrockets,0,0,0,62.55054408625553,0
1710979200,2024-03-21,washingtonwizards,sacramentokings,0,0,1,65.02981083016647,0
1711152000,2024-03-23,washingtonwizards,torontoraptors,0,0,0,78.31762971376116,0
1711324800,2024-03-25,washingtonwizards,chicagobulls,0,0,0,81.62312505119725,0
1711497600,2024-03-27,washingtonwizards,brooklynnets,0,1,1,60.06193474719399,1
1711670400,2024-03-29,washingtonwizards,detroitpistons,0,1,1,82.30390644073486,1
1711843200,2024-03-31,washingtonwizards,miamiheat,0,0,0,82.42683857365658,0
1712016000,2024-04-02,washingtonwizards,milwaukeebucks,0,0,0,64.20124420366788,0
1712102400,2024-04-03,washingtonwizards,losangeleslakers,0,0,0,71.94911766052248,0
1712275200,2024-04-05,washingtonwizards,portlandtrailblazers,0,0,1,54.64196792401766,1
1712448000,2024-04-07,washingtonwizards,torontoraptors,0,0,0,81.04852317508897,0
1712620800,2024-04-09,washingtonwizards,minnesotatimberwolves,0,0,1,72.96946347387214,1
1712880000,2024-04-12,washingtonwizards,chicagobulls,0,0,0,81.99978549856888,0
1713052800,2024-04-14,washingtonwizards,bostonceltics,0,0,0,84.873399985464,0
