TEAM_ID,SEASON,TYPE,MIN,FGM,FGA,FG3M,FG3A,FTM,FTA,OREB,DREB,REB,AST,STL,BLK,TOV,PTS,Shooting_Efficiency,True_Shooting_Percentage,Assist_Turnover_Ratio,Defensive_Rebounds_Percentage,Offensive_Rebounds_Percentage,Avg_Scoring,Defensive_Score,Total_Efficiency
1610612737,2016-2017,0,252.6,41.4,91.4,9.7,27.7,20.0,27.3,11.0,36.3,47.6,24.4,8.8,5.1,16.3,112.6,0.45210687379126957,0.541419731520991,1.5060652291726462,0.7997842154002435,0.20021578459975645,0.1540602117419193,13.9,124.8
1610612737,2016-2017,1,237.2,36.800000000000004,83.8,8.2,27.1,22.0,28.0,11.399999999999999,33.0,44.1,22.2,6.1,3.2,15.6,103.9,0.42336235865591315,0.5334615965514902,1.47125079856504,0.7405432376563714,0.2594567623436286,1.7316666666666667,9.3,111.2
1610612737,2017-2018,0,154.9,27.6,60.300000000000004,6.2,17.8,12.2,15.3,6.0,22.2,28.2,18.2,5.3,3.3,11.5,73.5,0.46518100556213077,0.5533577591309365,1.5449466328089516,0.7992810554802116,0.20071894451978847,0.176942445656468,8.6,81.2
1610612737,2018-2019,0,198.9,36.1,78.5,10.5,30.1,14.8,20.0,10.6,30.1,40.7,21.4,6.9,4.6,14.0,97.6,0.4571480270118704,0.5564997468593482,1.4462110687729883,0.7640927757892043,0.23590722421079566,0.17133194394670068,11.5,109.60000000000001
1610612737,2019-2020,0,210.5,32.7,76.7,11.2,33.1,17.9,22.1,6.6,24.2,31.0,24.7,6.1,3.2,14.1,94.8,0.4423311767374789,0.5438449597004956,1.5753540305010894,0.7816113732780399,0.21838862672196005,0.17934956070403177,9.3,98.0
1610612737,2020-2021,0,190.8,35.2,74.8,9.5,25.8,19.2,23.0,9.0,29.2,38.1,20.9,5.199999999999999,4.0,10.7,99.10000000000001,0.46025445874993454,0.5736569124400228,1.8425111473891962,0.8097467568465724,0.19025324315342762,0.22715181528084522,9.2,113.0
1610612737,2020-2021,1,225.10000000000002,37.5,83.1,11.1,33.1,16.3,20.3,8.9,31.0,40.099999999999994,20.3,6.2,4.0,11.2,102.4,0.4496742773972148,0.5434122922584095,1.531047656047656,0.8053280181985566,0.1946719818014434,0.6564373897707232,10.200000000000001,111.8
1610612737,2021-2022,0,165.6,30.0,63.9,10.3,26.9,12.6,15.299999999999999,6.5,24.0,30.6,20.6,5.0,2.4000000000000004,8.1,82.8,0.4746947639020606,0.5822316290671407,2.665530303030303,0.8218055528847694,0.17819444711523055,0.19354930802299222,7.4,96.89999999999999
1610612737,2021-2022,1,231.3,33.3,76.3,10.799999999999999,34.1,17.0,21.9,7.800000000000001,28.6,36.4,19.099999999999998,5.1,2.3,15.700000000000001,94.4,0.45679005511589543,0.5667965870131951,1.4371565113500597,0.8190890538208107,0.18091094617918924,2.1844444444444444,7.4,93.6
1610612737,2022-2023,0,258.0,48.5,99.9,10.9,31.3,22.0,26.900000000000002,12.9,36.4,49.2,25.9,7.7,5.3,13.1,129.3,0.49850328286893986,0.5821196509604256,1.7309774575018477,0.7508311805342978,0.24916881946570218,0.18033909619902827,13.0,147.7
1610612737,2022-2023,1,245.6,45.5,99.8,14.5,38.5,14.0,17.4,12.5,32.6,45.0,25.5,8.0,4.8,12.5,119.6,0.47663075659987647,0.5676906340448725,2.1062169312169314,0.7470354855537692,0.25296451444623075,2.3,12.8,133.1
1610612737,2023-2024,0,231.4,43.2,91.5,13.0,36.0,19.3,24.2,13.3,31.7,45.1,26.6,7.3,4.5,12.4,119.2,0.482556317949016,0.5962307946945603,1.8402970874059095,0.7462743394855463,0.2537256605144536,0.2927152931040069,11.8,137.5
1610612738,2016-2017,0,219.6,34.8,76.5,11.1,31.0,18.5,22.6,8.1,29.8,38.0,25.0,6.8,3.9,11.9,98.8,0.45770369206531875,0.5587270714657397,2.041741083897947,0.7834279348750055,0.21657206512499455,0.14692065991544442,10.7,115.0
1610612738,2016-2017,1,240.4,38.9,85.1,13.0,35.3,16.3,21.3,9.0,27.2,36.2,27.3,7.8,3.9000000000000004,13.1,107.2,0.4627985146249893,0.5669558492924457,2.012848230201171,0.7387813669829371,0.26121863301706305,0.6450611218846513,11.700000000000001,118.0
1610612738,2017-2018,0,199.9,33.8,72.3,9.8,25.2,13.4,17.4,7.8,29.8,37.7,18.2,5.8,4.2,10.5,91.0,0.45981093103811094,0.5561037572826626,1.6075310559006213,0.7909109733721279,0.20908902662787202,0.16289544375588896,10.0,103.8
1610612738,2018-2019,0,236.8,43.2,92.5,13.0,35.1,15.700000000000001,19.6,8.8,34.2,42.7,27.400000000000002,8.9,4.8,12.5,115.1,0.46840811729984505,0.5707454963600944,2.148480531813865,0.790296052509849,0.20970394749015092,0.17624744178222043,13.700000000000001,133.2
1610612738,2018-2019,1,229.0,34.6,81.0,10.8,31.0,17.9,21.8,6.8,39.8,46.4,20.2,5.2,3.6,13.200000000000001,97.8,0.4343634968400646,0.5381314608587415,1.2379651610834406,0.8321634538732579,0.16783654612674223,1.2134038800705467,8.8,110.1
1610612738,2019-2020,0,254.9,45.6,98.6,14.3,38.5,20.4,25.3,11.1,37.3,48.5,25.6,8.4,5.5,14.0,125.5,0.4659723755433013,0.5688647999974099,1.8197703653266313,0.7780641741165601,0.2219358258834398,0.21034374384283083,13.9,141.5
1610612738,2019-2020,1,230.5,36.3,79.7,11.899999999999999,35.1,19.1,23.1,8.0,34.3,42.2,21.599999999999998,6.2,4.8,12.5,103.5,0.4812585967212351,0.5923354260029953,1.6778354686249424,0.8055797784413381,0.19442022155866195,0.6871292106586224,11.0,118.2
1610612738,2020-2021,0,167.3,31.6,64.9,9.0,23.4,11.6,15.299999999999999,9.6,26.8,36.2,14.2,5.0,4.0,9.600000000000001,83.7,0.49611500082980664,0.5866296458178579,1.5505531505531505,0.7465638033978863,0.25343619660211364,0.20090880885215862,9.0,96.5
1610612738,2020-2021,1,215.3,34.6,77.5,12.4,33.0,20.3,24.2,11.4,25.0,36.300000000000004,18.2,5.8,5.3,10.4,101.7,0.4494982832431963,0.5685929749038502,2.1643060643060643,0.7263857451568108,0.27361425484318924,2.357222222222222,11.1,109.9
1610612738,2021-2022,0,228.29999999999998,40.0,84.89999999999999,12.8,36.3,17.4,21.0,9.8,34.3,44.2,27.1,7.2,6.3,12.700000000000001,110.0,0.48571661752284945,0.5969317170858931,2.3648708710669917,0.7906036310270834,0.20939636897291664,0.1947911024193476,13.5,133.1
1610612738,2021-2022,1,239.7,36.8,81.8,13.6,36.1,18.8,23.5,9.1,33.2,42.300000000000004,25.0,6.5,6.5,14.200000000000001,105.7,0.46368967698875946,0.5844608088200504,2.0309092520382843,0.7857057268629402,0.21429427313705984,0.583134857203751,13.0,122.7
1610612738,2022-2023,0,258.4,45.9,97.4,18.2,48.0,19.6,23.8,8.8,37.1,46.1,29.2,6.9,5.5,13.6,129.70000000000002,0.4802723438695322,0.6122277487575319,2.4198900549725137,0.7928050991785213,0.20719490082147868,0.18558889059091285,12.4,147.3
1610612738,2022-2023,1,242.6,40.9,85.5,14.2,39.199999999999996,16.1,19.8,9.4,33.9,43.1,24.299999999999997,6.300000000000001,6.6000000000000005,12.0,111.6,0.48668207134450436,0.6024126600206721,inf,0.7608057622499215,0.23919423775007853,0.6366276803118908,12.9,130.4
1610612738,2023-2024,0,248.2,45.8,93.5,17.3,44.4,18.3,22.1,10.1,37.2,47.4,27.5,6.300000000000001,7.3999999999999995,12.1,126.9,0.5007236174221918,0.6257537226448693,2.5548677248677247,0.7704682665661006,0.22953173343389943,0.28054031605530666,13.700000000000001,151.2
1610612739,2016-2017,0,251.1,44.2,92.8,14.2,36.6,19.4,25.3,9.9,36.699999999999996,46.599999999999994,27.599999999999998,6.3,3.8000000000000003,15.0,122.1,0.47330248098079175,0.5859354123761152,1.6081244500756695,0.8250613542694973,0.17493864573050272,0.19374443646219552,10.1,137.2
1610612739,2016-2017,1,229.7,38.9,78.8,13.0,31.5,19.8,26.0,9.299999999999999,31.599999999999998,40.7,21.1,7.3,4.4,12.6,110.19999999999999,0.47574208102469534,0.6036050308753906,1.5829218106995884,0.7905009441133913,0.2094990558866087,0.6887228965660337,11.700000000000001,124.9
1610612739,2017-2018,0,247.7,45.3,94.9,14.1,37.0,19.9,25.2,8.6,34.7,43.3,24.099999999999998,8.0,3.5,13.9,124.6,0.4751808956657656,0.5861819787019587,1.5974679487179486,0.8121218677224498,0.1878781322775502,0.176352115178869,11.5,134.7
1610612739,2018-2019,0,151.3,26.3,58.099999999999994,6.5,18.3,10.3,13.0,6.8999999999999995,19.5,26.4,13.3,4.0,1.5,8.7,69.6,0.46198308676361927,0.5534180752965051,1.5225266918361549,0.7553041155334763,0.24469588446652368,0.15689752979121144,5.5,71.6
1610612739,2019-2020,0,252.1,43.8,93.8,10.6,29.400000000000002,16.6,22.5,14.0,41.6,55.5,24.900000000000002,7.9,3.9000000000000004,18.3,114.60000000000001,0.4584002767666855,0.5452387215207085,1.5576496797549428,0.7644598101441339,0.2355401898558662,0.2186429776817823,11.799999999999999,132.6
1610612739,2020-2021,0,175.2,29.5,64.1,7.4,21.7,14.0,17.9,6.7,18.8,25.4,18.2,5.1,2.6,10.6,80.5,0.4603850764636306,0.5604809508627882,1.766704822954823,0.7558852519502425,0.24411474804975752,0.22419828152752516,7.7,82.7
1610612739,2021-2022,0,221.4,39.4,86.0,12.0,33.7,16.5,21.3,7.8,28.2,36.0,23.4,6.2,3.7,12.2,107.7,0.46043238892357086,0.5654613230632818,1.7630735492577598,0.7766484437117401,0.22335155628825984,0.20578862835183326,9.9,113.4
1610612739,2022-2023,0,228.5,41.9,84.4,10.8,29.0,18.1,23.3,9.5,28.2,37.7,23.7,6.9,4.3,12.0,112.9,0.49566433484415584,0.5903378381327679,1.851936826344154,0.7755281688062969,0.224471831193703,0.19884653517743275,11.2,125.8
1610612739,2022-2023,1,232.6,34.5,77.1,9.9,30.200000000000003,12.4,17.0,8.7,26.3,35.0,21.3,6.7,4.1,13.7,91.2,0.4296547851303286,0.5204060798661834,1.6646198830409358,0.7784582097625576,0.22154179023744242,2.285,10.8,97.2
1610612739,2023-2024,0,209.5,36.699999999999996,78.1,13.7,37.4,14.1,17.8,8.3,28.8,37.1,22.5,6.7,3.6,9.8,101.2,0.4645281515806396,0.590824722884986,2.5180234593837536,0.7915976502894374,0.20840234971056265,0.26457673352257954,10.3,116.3
1610612740,2016-2017,0,206.1,36.6,79.6,7.800000000000001,21.9,19.7,25.400000000000002,7.5,31.9,39.5,23.8,7.3,5.5,12.8,100.7,0.44823463418875775,0.5472760314832616,1.9907835175076554,0.807965148055582,0.19203485194441813,0.20091738544968968,12.8,114.9
1610612740,2017-2018,0,173.5,32.4,65.2,7.2,19.6,11.2,14.0,4.8,21.5,26.2,21.7,5.8,4.0,9.8,83.10000000000001,0.4839691137743672,0.5752084595991522,2.118338485186311,0.845807156288035,0.15419284371196507,0.18074797520054975,9.799999999999999,95.2
1610612740,2018-2019,0,175.5,33.2,69.9,7.5,23.1,12.9,17.0,7.2,25.299999999999997,32.5,18.1,5.4,3.2,11.5,86.7,0.47618063465706223,0.5578811518597765,1.4231822836661547,0.8033193801281804,0.19668061987181965,0.16376765404936167,8.6,93.4
1610612740,2019-2020,0,244.5,43.1,93.2,14.7,39.2,17.0,22.7,10.600000000000001,36.1,46.5,27.9,7.8,5.1000000000000005,15.8,117.7,0.47613933968390854,0.5740161098366096,1.6426071509136027,0.7765061743486802,0.22349382565131978,0.1951761459493028,12.9,133.4
1610612740,2020-2021,0,210.0,39.9,80.6,8.7,24.9,17.7,24.5,10.3,27.9,38.300000000000004,24.8,6.7,4.3999999999999995,12.700000000000001,106.3,0.4991393119466605,0.5733370658333394,2.0219458550708547,0.7706274591402761,0.22937254085972394,0.2232252360601643,11.1,119.8
1610612740,2021-2022,0,175.7,30.1,64.8,9.3,26.2,11.8,14.7,8.7,22.5,31.1,16.5,5.9,3.5,8.9,81.2,0.46174970530364196,0.5685681751875608,1.836551543694401,0.7238294187378855,0.2761705812621144,0.1690650689825842,9.4,91.4
1610612740,2021-2022,1,239.5,38.9,83.7,9.2,26.2,22.599999999999998,28.7,14.8,30.3,45.1,21.3,6.5,3.5,13.9,109.6,0.48848697054550383,0.6000347939757658,1.487190861769809,0.6882672610786333,0.3117327389213666,1.8266666666666667,10.0,120.9
1610612740,2022-2023,0,228.0,36.5,78.0,11.3,30.8,14.0,17.5,9.6,29.7,39.5,23.7,8.4,3.8,12.0,98.1,0.47378838788410543,0.5714498126187493,2.0617521367521365,0.7681232669442445,0.2318767330557555,0.15325626811740045,12.200000000000001,115.9
1610612740,2023-2024,0,211.1,41.2,82.8,10.3,27.0,17.6,23.1,9.4,28.5,37.8,26.099999999999998,6.9,4.3,12.0,110.0,0.4876367419882184,0.5848566424959191,2.1482806776556775,0.7589820104222802,0.24101798957771986,0.27840268536806617,11.2,126.3
1610612741,2016-2017,0,207.3,35.0,77.8,6.3,18.0,17.3,21.9,12.2,30.5,42.4,22.099999999999998,7.5,4.2,11.6,93.9,0.45807538474098286,0.5375888194658197,1.663288683940858,0.7265258087917688,0.2734741912082313,0.1513457465721429,11.7,110.9
1610612741,2016-2017,1,203.1,30.7,70.4,5.9,19.3,14.7,17.3,10.6,29.4,39.9,14.8,5.7,4.8,12.2,82.3,0.4461594320715964,0.5259350726920937,1.1569039239627474,0.7780916690277421,0.22190833097225793,1.5462962962962963,10.5,93.0
1610612741,2017-2018,0,183.6,29.6,67.0,8.5,23.400000000000002,11.0,14.299999999999999,8.200000000000001,26.7,34.9,16.2,5.1,2.7,9.2,78.9,0.4433222775941298,0.5377031152553708,1.8008322210002883,0.7688068677979979,0.231193132202002,0.15957270897936549,7.800000000000001,88.0
1610612741,2018-2019,0,131.6,21.5,45.6,3.9999999999999996,11.799999999999999,10.1,13.1,5.1,15.2,20.3,13.0,3.7,2.2,8.0,57.3,0.47483943658512623,0.5522263349915938,1.8517071164129986,0.7567566420126028,0.24324335798739727,0.13916544441810805,5.9,61.6
1610612741,2019-2020,0,185.1,31.2,72.4,11.0,31.4,12.2,15.5,5.8,23.3,28.9,20.7,8.2,2.0,12.2,85.4,0.42947474064599195,0.5339339882667943,1.8621067657832364,0.8069546546050306,0.19304534539496945,0.2080065110261611,10.2,88.5
1610612741,2020-2021,0,268.9,50.7,106.1,15.6,41.3,15.3,19.0,10.0,40.8,50.9,30.4,7.4,4.6,16.4,132.2,0.47536726193154966,0.5708475352619458,1.8741344943774614,0.8107234781302489,0.18927652186975102,0.21207293187989626,12.0,150.0
1610612741,2021-2022,0,198.2,38.6,80.1,9.3,25.3,16.4,19.5,5.6,28.2,33.9,20.7,5.3,2.8000000000000003,10.3,102.9,0.48002401648312565,0.5791492589489368,2.1071647024654543,0.8364373672457636,0.16356263275423646,0.21011191993777162,8.1,110.7
1610612741,2021-2022,1,244.6,36.3,90.2,10.9,36.7,12.7,15.2,8.1,35.199999999999996,43.3,24.3,7.9,3.5,12.7,96.0,0.37743642678495537,0.46028905975746365,2.781991341991342,0.7816765790959339,0.2183234209040661,2.048,11.4,105.7
1610612741,2022-2023,0,260.8,44.1,90.4,10.9,30.8,18.8,23.099999999999998,9.0,36.4,45.4,25.9,8.7,5.0,13.200000000000001,118.2,0.4851738246289944,0.5836104802257922,1.9520722349545878,0.7987020522464451,0.2012979477535549,0.15745611162750314,13.700000000000001,139.5
1610612741,2023-2024,0,219.3,38.8,82.6,10.5,28.8,15.2,19.0,10.1,29.2,39.199999999999996,22.5,7.2,4.8,10.700000000000001,103.2,0.46964240896909054,0.564799718992667,2.014522977022977,0.7715504935739207,0.22844950642607928,0.24396443313539834,12.0,118.8
1610612742,2016-2017,0,177.9,25.2,56.199999999999996,7.6,20.8,10.8,13.5,5.5,20.3,25.7,11.7,6.300000000000001,2.4,7.1,68.6,0.4560593394771209,0.55350294190379,1.5193223443223443,0.8016270739064857,0.19837292609351434,0.11675644528442754,8.7,74.0
1610612742,2017-2018,0,245.2,39.7,88.5,12.6,34.5,13.8,17.9,7.5,32.4,40.0,23.8,6.5,3.9,11.8,105.8,0.4753709674566683,0.5684299887915144,1.8945970695970697,0.8139645298726308,0.1860354701273693,0.1451950326075376,10.4,115.0
1610612742,2018-2019,0,208.0,34.4,78.2,11.3,33.3,17.9,23.2,8.0,26.3,34.1,21.0,5.9,3.1,10.8,97.9,0.4488397537556208,0.5595460222693704,2.0895969498910674,0.7771336432187491,0.22286635678125088,0.1550888670574874,9.0,101.80000000000001
1610612742,2019-2020,0,250.7,44.0,96.0,15.799999999999999,43.1,20.1,25.8,10.8,39.1,49.8,25.900000000000002,6.5,5.7,12.8,123.8,0.4642259455981307,0.5745676207665799,2.1978654485049836,0.7868929378553194,0.21310706214468053,0.19594158005418064,12.200000000000001,141.8
1610612742,2019-2020,1,213.1,37.1,78.2,11.8,33.6,14.2,20.3,6.8,30.5,37.3,19.8,5.5,3.0,10.9,99.9,0.45838777462967617,0.5565598572556008,2.0811584249084247,0.8047706848245458,0.19522931517545417,2.0812500000000003,8.5,107.4
1610612742,2020-2021,0,198.5,35.3,73.4,11.6,31.5,14.6,18.8,6.8,26.0,32.8,21.3,5.4,2.9000000000000004,10.2,96.6,0.506668406434854,0.6033835730081757,2.0766369047619047,0.7857509214575212,0.21424907854247885,0.1898409718021489,8.3,106.39999999999999
1610612742,2020-2021,1,223.8,36.5,79.0,13.5,34.4,13.1,18.6,7.8999999999999995,27.4,35.6,20.0,5.4,2.0999999999999996,9.799999999999999,99.5,0.5132997573522147,0.6139568130974611,3.9323434687884813,0.7529082705594661,0.24709172944053392,1.585978835978836,7.5,104.7
1610612742,2021-2022,0,231.8,37.1,80.0,13.0,36.0,15.799999999999999,20.5,8.4,31.8,40.0,26.599999999999998,6.6,3.3,12.1,102.6,0.4690434616218904,0.5791588355547579,2.133068783068783,0.7823458397602447,0.21765416023975528,0.16430816289023667,9.9,119.1
1610612742,2021-2022,1,234.5,36.6,81.3,15.8,41.3,18.1,23.7,6.1000000000000005,30.0,36.3,19.3,6.6,2.7,9.3,107.2,0.44618850476463084,0.5788322131086502,inf,0.8200045928306798,0.17999540716932022,0.7019444444444445,9.3,112.8
1610612742,2022-2023,0,205.0,40.0,81.4,13.5,36.4,19.8,25.9,6.7,28.6,35.2,21.1,5.6,3.2,10.9,113.5,0.5135957844585537,0.6242139178104507,1.9011337868480724,0.7942571782881147,0.20574282171188535,0.24646944381789432,8.799999999999999,120.4
1610612742,2023-2024,0,204.7,38.3,78.8,12.7,34.8,16.9,22.3,9.0,29.5,38.3,21.5,6.1000000000000005,4.9,10.9,105.9,0.5208651665043105,0.6122371384688199,1.865393113830614,0.7661116193682647,0.2338883806317354,0.26567868441082726,11.0,119.9
1610612743,2016-2017,0,231.2,39.7,83.0,9.1,25.3,19.5,25.4,12.7,36.4,49.1,24.5,6.3,4.3,13.1,108.3,0.47778953738416174,0.5730360150050252,1.731071436378342,0.7637965104661257,0.23620348953387435,0.17503542767002805,10.6,130.4
1610612743,2017-2018,0,230.29999999999998,39.2,83.2,11.6,31.0,16.6,21.3,9.5,31.2,40.5,24.3,7.6,4.3,13.4,107.0,0.4712473612534983,0.571035588319067,1.7169713003046336,0.7817619680975615,0.21823803190243848,0.16049788648171048,11.9,121.60000000000001
1610612743,2018-2019,0,216.2,38.1,80.3,9.4,27.3,14.5,19.1,11.6,33.1,44.6,25.099999999999998,7.3,4.2,11.6,100.4,0.4756736394688715,0.5665496274512136,2.2580893419603094,0.7563134372487869,0.24368656275121314,0.1474493002083901,11.5,123.1
1610612743,2018-2019,1,245.1,39.9,89.6,9.6,27.6,19.7,25.2,13.1,34.2,47.3,23.9,5.8,4.6,9.200000000000001,109.0,0.443065403094598,0.5328484247515325,2.7342948717948716,0.7385665075198934,0.2614334924801066,0.8650793650793651,10.4,125.8
1610612743,2019-2020,0,230.3,40.6,84.9,10.4,28.9,15.299999999999999,19.5,9.9,31.6,41.5,26.4,7.7,4.4,12.1,106.8,0.4849064636953801,0.5726834181656107,2.2178821576671037,0.7661066930884909,0.23389330691150909,0.18941667500581716,12.1,126.1
1610612743,2019-2020,1,237.6,38.1,81.1,12.3,32.5,17.0,20.4,8.9,30.5,39.300000000000004,22.0,6.2,3.9000000000000004,13.1,105.3,0.45249557598037626,0.5622646449886759,1.858097458097458,0.7669905046101572,0.2330094953898429,0.6312447786131997,10.1,117.5
1610612743,2020-2021,0,158.9,30.299999999999997,60.7,9.4,23.5,11.5,14.1,8.2,25.4,33.7,18.900000000000002,5.4,3.2,9.0,81.3,0.47490555948595453,0.5934972351884087,1.9464422358160498,0.7666481580434024,0.2333518419565976,0.21652390046044653,8.6,100.8
1610612743,2020-2021,1,231.6,39.6,86.7,13.799999999999999,35.9,14.9,19.3,11.3,29.8,41.1,23.5,5.6,3.7,10.3,108.0,0.4712548440945571,0.596729230454659,inf,0.7806440344027858,0.21935596559721407,1.0934444444444444,9.3,120.1
1610612743,2021-2022,0,244.5,42.9,89.0,13.2,37.3,17.3,21.2,8.2,34.0,42.2,29.400000000000002,7.3,3.8,13.9,116.1,0.4636359862154656,0.5768197574738994,2.1265852130325813,0.824645242774463,0.1753547572255369,0.16058381133254226,11.1,134.6
1610612743,2021-2022,1,237.1,38.8,82.1,10.8,30.9,20.0,25.2,11.2,30.4,41.6,24.9,7.0,3.4,15.1,108.4,0.4081230688527875,0.5224907231600672,1.739285714285714,0.7931137193169279,0.20688628068307213,1.970909090909091,10.4,121.7
1610612743,2022-2023,0,258.5,49.2,96.1,13.1,34.4,18.6,24.0,10.7,36.4,47.0,31.8,8.2,4.3,14.3,130.2,0.5088061359621971,0.6047406207960935,1.964083694083694,0.7811465597214909,0.21885344027850903,0.19302482117733277,12.5,154.7
1610612743,2022-2023,1,238.3,42.1,85.1,11.299999999999999,29.599999999999998,18.0,22.4,10.2,34.2,44.3,25.6,7.0,4.3999999999999995,10.5,112.7,0.4916359112146387,0.5861185353083924,2.1922023809523807,0.7715442305637259,0.22845576943627416,0.7054276315789474,11.4,135.4
1610612743,2023-2024,0,230.4,43.9,88.5,11.0,29.2,16.2,21.1,11.0,31.9,42.9,29.400000000000002,6.5,5.5,11.9,114.7,0.4827331983207503,0.5721743537079704,2.1440322767908975,0.7353533657643061,0.2646466342356939,0.24474636243586792,12.0,138.0
1610612744,2016-2017,0,271.5,48.2,98.4,13.9,36.6,20.0,25.0,9.9,40.5,50.7,34.9,10.4,7.3,16.2,130.3,0.4993421527670256,0.5829167796563542,2.072145562770563,0.7905004312600935,0.2094995687399064,0.14890928810160964,17.7,162.2
1610612744,2016-2017,1,249.29999999999998,45.1,90.6,13.1,33.6,21.8,26.7,9.9,37.800000000000004,47.6,29.2,8.9,6.300000000000001,14.1,125.3,0.5193128633661233,0.6034693556981242,2.081226268285092,0.7548440183559015,0.24515598164409838,0.6531301398764634,15.200000000000001,152.8
1610612744,2017-2018,0,210.9,37.4,74.1,8.7,23.2,13.7,17.2,8.0,31.7,39.3,25.6,6.7,7.5,13.0,97.2,0.519145581731894,0.5864248179979944,1.828340299547196,0.7734213573765767,0.2265786426234233,0.1387679311681563,14.2,122.8
1610612744,2018-2019,0,247.0,44.6,90.9,14.0,36.0,16.2,20.0,9.5,36.4,45.6,31.3,7.8,6.300000000000001,14.1,119.4,0.500045102065725,0.583449224787066,2.266471459574908,0.7748685411966298,0.22513145880337024,0.14865209791537454,14.100000000000001,145.9
1610612744,2018-2019,1,220.3,34.9,74.10000000000001,10.8,29.8,14.4,18.0,10.1,29.7,39.8,25.5,6.800000000000001,4.7,11.9,95.1,0.48381725804552067,0.5603454980712608,2.708684210526316,0.7246047987245203,0.2753952012754798,0.4515435731708951,11.5,117.0
1610612744,2019-2020,0,133.7,24.2,54.5,5.8,18.6,12.1,15.8,5.3999999999999995,17.5,22.9,12.8,3.6,2.6,8.0,66.6,0.44793881236231625,0.5439438953347965,1.6180860805860806,0.7831622410535042,0.21683775894649587,0.24164675881255468,6.2,66.3
1610612744,2020-2021,0,240.6,40.9,87.3,16.0,42.2,16.1,20.4,7.7,34.9,42.6,28.4,8.3,4.6000000000000005,14.3,114.1,0.47810745499248863,0.5923333887089988,1.983921568627451,0.8305991731362659,0.16940082686373417,0.18859049598658081,12.9,133.29999999999998
1610612744,2021-2022,0,223.9,39.7,83.5,14.3,38.3,15.9,20.7,9.5,33.3,42.6,22.7,8.5,3.8,13.0,109.4,0.49499393761862126,0.5919604914056937,1.7742487373737372,0.7903970111475183,0.20960298885248174,0.1573201789690641,12.3,125.5
1610612744,2021-2022,1,221.4,39.2,82.6,13.4,36.2,14.700000000000001,18.7,9.1,32.0,40.9,25.0,6.9,4.4,13.0,106.3,0.4852763820018424,0.5799933642620094,1.8221747388414054,0.8041605256361849,0.19583947436381513,0.5548112706007442,11.3,123.0
1610612744,2022-2023,0,197.8,32.3,68.5,12.4,33.0,11.700000000000001,15.3,8.6,27.8,36.4,23.9,5.8,3.1,12.6,88.6,0.4921454434807106,0.5967839191177682,2.1281033986175117,0.7731106391832095,0.2268893608167905,0.15381846798506738,8.9,105.8
1610612744,2022-2023,1,238.8,41.9,92.9,14.2,41.2,15.2,20.3,12.8,34.4,47.4,28.6,7.3,4.6,13.8,113.4,0.47879070620860736,0.5767636708924625,2.1433711910070605,0.7344746351483822,0.26552536485161776,0.8942564102564102,11.9,131.5
1610612744,2023-2024,0,209.2,40.6,84.6,13.600000000000001,35.9,16.3,20.6,11.600000000000001,29.2,40.7,21.3,5.4,3.8000000000000003,11.9,110.9,0.5076350119021332,0.5969131872680653,1.8320105820105823,0.7169294414678872,0.28307055853211277,0.24023713251636433,9.200000000000001,121.3
1610612745,2016-2017,0,265.3,46.9,99.6,16.1,44.4,25.2,32.5,12.3,37.1,49.3,28.1,8.9,4.8999999999999995,16.2,134.9,0.49238684580128333,0.5921326520154058,1.6450178403467877,0.7516203292340885,0.24837967076591153,0.1839217761148581,13.8,149.6
1610612745,2016-2017,1,235.6,36.6,81.8,12.0,36.3,20.5,25.7,9.299999999999999,32.0,41.3,19.2,7.8,4.6,12.9,105.6,0.4677614335505998,0.569688200482717,1.441745522995523,0.782016201509488,0.21798379849051205,1.2252525252525253,12.4,115.0
1610612745,2017-2018,0,207.5,32.9,71.4,13.8,37.4,17.2,22.1,7.699999999999999,29.1,36.7,16.2,7.300000000000001,4.2,11.1,96.9,0.4617479337066465,0.589253648614271,1.3027048139830095,0.8147811390871469,0.1852188609128532,0.1976866636332506,11.5,106.9
1610612745,2018-2019,0,239.1,40.2,90.60000000000001,17.0,47.5,19.599999999999998,24.2,8.7,30.6,39.5,24.7,9.0,4.5,13.6,116.6,0.4376707547438912,0.5601165067919602,1.7418536324786325,0.8206073868011332,0.17939261319886685,0.2075476243771839,13.5,125.5
1610612745,2018-2019,1,224.6,34.9,79.7,15.3,40.9,17.3,22.4,8.3,29.8,38.2,18.0,7.9,4.7,14.2,102.0,0.43130658458398025,0.556487181665661,1.166791803677993,0.8415675823993839,0.15843241760061613,1.182840909090909,12.6,106.8
1610612745,2019-2020,0,213.8,37.6,84.7,15.1,43.2,20.2,24.900000000000002,6.9,29.9,36.7,21.2,8.5,3.9000000000000004,13.8,110.2,0.436668642521079,0.5727578518047526,1.5292517006802722,0.8202126764493503,0.17978732355064977,0.24184469859107469,12.4,115.2
1610612745,2019-2020,1,226.4,33.3,75.6,16.7,45.2,14.7,17.5,6.0,28.8,34.8,18.3,8.3,3.4,10.9,97.8,0.4271032982033315,0.5728028711127533,1.603861818006555,0.835337415617588,0.16466258438241196,1.062121212121212,11.7,106.4
1610612745,2020-2021,0,101.6,14.6,31.5,6.0,16.1,5.6,6.800000000000001,4.2,14.1,18.3,10.1,3.5,1.3,5.1,40.7,0.45625297923050734,0.5887084037027821,2.036706349206349,0.7690375723371025,0.2309624276628975,0.16253943682736252,4.8,50.8
1610612745,2021-2022,0,235.1,40.5,88.7,12.9,37.2,18.6,26.0,9.1,32.0,41.3,25.4,7.300000000000001,4.3,15.9,112.4,0.45938027955406935,0.5630694320525067,1.56466566247268,0.7771742826933316,0.22282571730666842,0.1827477949490163,11.600000000000001,119.1
1610612745,2022-2023,0,203.1,36.6,79.2,8.8,26.4,17.3,23.0,12.4,29.7,41.9,19.2,6.3999999999999995,3.9,13.5,99.7,0.4698740904018621,0.5587496223863754,1.338356521950272,0.7129740355695865,0.2870259644304135,0.17181119190170357,10.299999999999999,109.4
1610612745,2023-2024,0,213.9,36.0,79.2,11.3,31.7,16.8,21.0,8.3,28.8,37.1,23.3,6.0,3.5,11.2,100.0,0.4569550941536409,0.5691082126243175,2.036671233178586,0.7875821152426309,0.21241788475736909,0.23596136380675856,9.5,111.2
1610612746,2016-2017,0,250.7,42.3,88.5,10.9,29.1,20.7,28.0,9.3,35.8,44.900000000000006,26.1,8.0,4.3,13.3,115.9,0.4770150463970638,0.5639170779169118,1.6506167383341297,0.8254689650124434,0.17453103498755673,0.1617883093386343,12.299999999999999,132.6
1610612746,2016-2017,1,210.70000000000002,31.3,65.6,7.1,20.7,15.1,22.4,7.1,26.5,33.6,17.2,5.6,2.1,10.1,85.2,0.46325150729863546,0.5592819489041736,1.820027834008097,0.8172632468106606,0.18273675318933938,1.5214285714285714,7.7,92.1
1610612746,2017-2018,0,196.4,34.6,71.8,8.1,22.2,15.5,21.3,8.799999999999999,28.0,36.8,16.4,6.2,3.7,10.7,92.8,0.49378789872143947,0.5665758068045743,1.401007326007326,0.7792710176166374,0.22072898238336258,0.15632872600070338,9.9,102.3
1610612746,2018-2019,0,264.3,43.4,92.5,11.5,30.0,24.0,30.3,10.7,35.5,46.3,24.6,7.9,5.1,14.2,122.10000000000001,0.4578696846663004,0.5596699155368654,1.6736107302283774,0.7873145581726577,0.2126854418273424,0.1409421849890983,13.0,136.5
1610612746,2018-2019,1,222.6,37.2,82.2,11.4,29.8,22.4,27.3,8.3,26.6,34.9,24.7,7.2,3.1,12.1,107.9,0.43591026458078486,0.5749866319294764,2.4871990391598238,0.7585385323119481,0.24146146768805185,2.0114814814814816,10.3,115.3
1610612746,2019-2020,0,241.7,43.0,92.4,12.9,34.3,22.3,28.099999999999998,11.200000000000001,37.1,48.4,22.3,6.7,4.6000000000000005,13.3,121.10000000000001,0.4606473777300485,0.573349276578327,1.6417735042735042,0.791101686646113,0.208898313353887,0.20155988939370065,11.3,134.5
1610612746,2019-2020,1,227.5,39.199999999999996,82.7,11.2,30.8,19.7,24.5,8.6,32.6,41.3,18.9,7.0,3.4000000000000004,11.7,109.1,0.48842688531723366,0.5756012837369185,1.4747631848438298,0.831470234665665,0.1685297653343349,0.8423717948717948,10.4,119.3
1610612746,2020-2021,0,205.4,38.1,77.4,13.200000000000001,31.2,15.2,17.9,7.2,30.9,38.2,21.3,6.0,3.0,10.7,104.6,0.5015284557977963,0.6166429242724227,2.0896780303030305,0.8266268885142022,0.17337311148579782,0.22316411703931344,9.0,120.3
1610612746,2020-2021,1,205.7,31.0,66.4,12.2,31.9,15.2,18.5,7.3,27.099999999999998,34.4,15.4,5.1,3.4,7.2,89.39999999999999,0.4816656459974637,0.6115737765979977,3.5004960317460316,0.761117496385264,0.23888250361473598,0.6066511867905057,8.5,101.8
1610612746,2021-2022,0,204.3,31.099999999999998,66.2,11.0,28.9,10.600000000000001,13.5,8.4,29.9,38.2,18.3,6.3,4.9,9.4,83.9,0.48883160133836784,0.5973814308088496,2.033596837944664,0.8046423881913638,0.1953576118086362,0.14696869140272054,11.2,104.0
1610612746,2022-2023,0,211.3,34.0,69.1,9.3,25.1,15.9,21.9,10.0,30.6,40.6,21.8,5.2,4.3,12.2,93.0,0.5069684934073084,0.6001652152494726,1.8377100840336134,0.7890163177587473,0.21098368224125275,0.16485257714722534,9.5,111.6
1610612746,2022-2023,1,207.2,34.0,73.4,10.6,29.0,18.0,22.2,11.0,23.6,34.6,18.8,5.6,3.6,12.200000000000001,96.6,0.5089606117566644,0.6186929191517947,1.8712436868686868,0.7214129282095614,0.2785870717904387,2.415,9.2,103.4
1610612746,2023-2024,0,238.29999999999998,44.0,88.2,13.3,33.1,19.2,23.2,10.0,32.5,42.6,26.2,7.6000000000000005,5.4,12.3,120.4,0.5096740093855849,0.6149741855969569,1.966548556744635,0.7681405236907435,0.2318594763092564,0.26569781444075,13.0,141.8
1610612747,2016-2017,0,196.2,31.5,70.9,7.699999999999999,22.7,12.4,16.7,8.7,25.7,34.4,17.4,6.8,3.1,11.7,83.39999999999999,0.4525805223679452,0.5335618127007012,1.4617236024844722,0.7646091337427844,0.23539086625721564,0.1496130185996346,9.9,89.9
1610612747,2017-2018,0,171.2,30.7,64.9,7.7,21.0,13.5,18.9,6.800000000000001,26.2,33.0,13.5,4.3999999999999995,3.4,10.200000000000001,82.60000000000001,0.47319130594505515,0.5672243273114176,1.402857142857143,0.798647106577214,0.20135289342278592,0.19341121843188813,7.8,87.1
1610612747,2018-2019,0,172.5,28.099999999999998,61.5,9.8,28.7,9.5,12.4,6.3,23.0,29.3,11.2,4.6,4.1,8.1,75.4,0.4528080772534611,0.5623665212969505,1.4445328063749117,0.8062088666376326,0.19379113336236747,0.15388679859153953,8.7,79.89999999999999
1610612747,2019-2020,0,218.7,40.8,83.3,10.0,28.6,19.2,26.2,10.9,35.2,45.7,22.0,7.800000000000001,7.0,13.8,110.8,0.5054197373598778,0.5890551238287061,1.3964007597340933,0.7685844058180906,0.23141559418190935,0.1910865300378459,14.8,130.1
1610612747,2019-2020,1,233.0,40.3,81.8,12.0,33.2,18.7,24.9,10.3,32.8,43.0,26.5,7.9,4.8,14.1,111.1,0.4827041317195616,0.5835156586423016,1.6746913580246914,0.7421575102249687,0.2578424897750314,0.6076609347442681,12.7,131.6
1610612747,2020-2021,0,228.6,32.9,73.8,11.5,32.4,13.3,17.6,7.8,28.2,36.0,21.2,7.3,4.4,12.5,91.1,0.43894785362070293,0.5567509207203079,1.6627974694151164,0.805152731216505,0.19484726878349504,0.1465431109395354,11.700000000000001,102.5
1610612747,2020-2021,1,226.6,32.6,77.7,9.6,31.3,18.3,23.1,9.6,31.6,41.2,19.4,6.5,4.4,12.700000000000001,93.0,0.4254149614522007,0.5448196031853154,inf,0.7717167822430979,0.22828321775690197,1.862222222222222,10.9,102.1
1610612747,2021-2022,0,175.7,27.4,60.7,8.6,24.4,11.7,15.6,6.6,22.9,29.5,16.9,5.5,3.0,9.799999999999999,75.5,0.4635483881216084,0.5722559284757099,1.6250522138680032,0.7822219658252457,0.21777803417475416,0.1577728564764954,8.5,83.2
1610612747,2022-2023,0,203.70000000000002,31.5,67.4,10.700000000000001,29.7,13.700000000000001,17.099999999999998,7.2,24.9,32.3,20.6,5.6000000000000005,2.3,10.2,87.6,0.483205050391855,0.5892295397159466,1.8261382612485553,0.7939384920634921,0.20606150793650793,0.15613215128839486,7.9,98.8
1610612747,2022-2023,1,233.5,40.1,84.1,9.9,29.0,19.6,23.9,8.4,34.8,42.9,24.3,6.7,6.2,11.1,109.5,0.4560405078273647,0.5570610967041539,inf,0.8047624842822324,0.1952375157177676,0.7766488603988604,12.9,130.0
1610612747,2023-2024,0,263.6,48.5,98.9,13.3,36.199999999999996,21.7,28.1,8.5,37.7,46.2,34.5,7.7,6.1,14.4,132.2,0.494246947872856,0.5926504481063576,2.1520931736392264,0.8258297251678531,0.17417027483214695,0.25197643240838913,13.8,155.5
1610612748,2016-2017,0,203.1,34.1,72.4,8.600000000000001,23.2,13.799999999999999,19.099999999999998,9.7,29.4,39.0,16.900000000000002,5.8999999999999995,5.2,10.399999999999999,90.8,0.4682477864234499,0.5604920651147713,1.6646997929606626,0.7725324766219223,0.22746752337807769,0.15644949268091934,11.1,103.5
1610612748,2017-2018,0,237.3,37.8,83.3,11.1,30.0,15.0,19.6,7.699999999999999,31.5,39.1,24.6,7.8,4.7,13.7,101.5,0.45700786653039116,0.553702537541832,1.7719201449851605,0.8100588784249154,0.18994112157508453,0.15355517804643246,12.5,113.7
1610612748,2018-2019,0,179.4,31.3,66.5,6.8,19.7,12.9,19.0,10.8,29.6,40.3,18.0,6.0,5.2,10.9,82.4,0.4852277236885577,0.5603693071833387,1.5341248813298503,0.7413027046063295,0.25869729539367053,0.1641797926233233,11.200000000000001,99.3
1610612748,2019-2020,0,271.9,43.9,96.1,15.600000000000001,42.2,23.4,29.3,8.5,38.6,47.3,30.2,9.0,4.3,15.3,127.0,0.4568905074852899,0.5860128990188229,1.9408059587471354,0.8370798858285939,0.1629201141714061,0.20184719708878948,13.3,144.2
1610612748,2019-2020,1,257.9,40.5,88.5,13.6,37.9,23.1,28.099999999999998,8.4,35.9,44.5,26.6,7.4,4.2,13.5,117.8,0.45267662505242995,0.583288365809183,2.277304347826087,0.8034440508126537,0.19655594918734642,0.6142668435795371,11.6,133.9
1610612748,2020-2021,0,191.7,33.4,69.0,9.2,24.7,16.2,20.2,6.8,27.6,34.5,23.1,6.6,3.3,10.9,92.4,0.4787178548869578,0.5834714657617784,1.935150062969612,0.8162854638680094,0.18371453613199068,0.22567798302941747,9.9,109.2
1610612748,2020-2021,1,238.2,34.7,86.8,11.3,34.0,14.7,19.2,8.9,33.0,41.800000000000004,21.5,7.0,3.5999999999999996,14.4,94.8,0.46841088981180695,0.5577616496015133,1.4420478072651985,0.8524876635706851,0.1475123364293149,2.184848484848485,10.6,96.7
1610612748,2021-2022,0,205.79999999999998,31.3,69.1,14.9,38.0,9.9,12.5,6.2,25.8,32.1,21.5,5.8,2.3,11.1,87.39999999999999,0.4630659941257924,0.5920960490486863,1.8170100732600734,0.8163363296983986,0.18366367030160133,0.1628173033614467,8.1,97.4
1610612748,2021-2022,1,236.3,38.7,86.0,11.0,34.3,17.8,22.1,10.2,31.0,41.4,20.4,8.4,3.4,11.6,106.1,0.44297322526322336,0.5465161872370615,1.7209464391817335,0.7757047144144243,0.22429528558557568,0.6436446168210874,11.8,116.2
1610612748,2022-2023,0,206.5,36.6,78.10000000000001,10.6,30.0,18.8,22.1,8.3,28.8,37.0,20.8,6.5,2.2,11.0,102.1,0.457801627509476,0.5729753908359789,1.949052257266543,0.7856404421766564,0.21435955782334348,0.21132387517705856,8.7,112.9
1610612748,2022-2023,1,244.9,40.3,88.0,13.1,34.1,16.6,20.2,9.3,31.6,41.0,24.0,7.2,3.6,11.1,110.1,0.47393435805539763,0.5820175761834687,2.361942437793831,0.78119821495792,0.2188017850420801,0.4959182194616977,10.8,123.39999999999999
1610612748,2023-2024,0,217.6,37.6,80.69999999999999,11.5,32.1,16.2,19.8,8.200000000000001,29.5,37.6,23.8,6.5,3.1,10.9,102.5,0.4608478596883792,0.5750469521114419,2.228566637181188,0.7866924983219279,0.21330750167807205,0.2857143834663221,9.6,115.7
1610612749,2016-2017,0,193.8,29.0,61.6,6.9,18.8,13.4,17.2,7.1,25.0,32.0,20.8,6.5,4.6,10.5,78.2,0.45704869352554695,0.559584267755741,1.9314397598119708,0.8085502645262458,0.19144973547375427,0.12962747507359576,11.1,95.39999999999999
1610612749,2016-2017,1,220.9,32.8,71.7,7.9,19.7,14.4,20.1,7.1,27.4,34.6,20.8,7.7,4.7,12.0,87.5,0.4360252365730942,0.5308425347235057,2.2153506216006216,0.8050816332360357,0.19491836676396435,1.8229166666666667,12.4,98.6
1610612749,2017-2018,0,191.3,34.3,69.3,6.1,17.3,17.3,22.4,8.1,27.4,35.3,17.9,6.9,5.3,11.1,91.9,0.4922936390658654,0.5722312628812938,1.5752721042076365,0.7814185926360081,0.21858140736399193,0.1738781853056564,12.2,106.2
1610612749,2018-2019,0,265.5,47.6,98.4,13.9,39.199999999999996,19.9,25.3,10.0,41.9,51.8,31.7,8.3,5.6000000000000005,15.0,129.0,0.47145032519975055,0.5783726015555289,2.295282149629976,0.7970087096584962,0.20299129034150368,0.16789382514594173,13.9,155.1
1610612749,2018-2019,1,231.6,37.6,83.5,12.100000000000001,36.1,20.1,27.599999999999998,9.7,40.300000000000004,49.9,23.9,6.5,6.3999999999999995,11.5,107.3,0.45876201513277504,0.5762199750521413,2.6110161768056503,0.8114094529980006,0.18859054700199934,0.7344025974025974,12.9,129.2
1610612749,2019-2020,0,282.6,50.2,105.4,16.4,45.5,21.599999999999998,28.7,10.700000000000001,48.6,59.5,29.9,8.8,6.7,16.8,138.4,0.45986201800522825,0.5781893421481588,1.77007047007047,0.811229043348918,0.18877095665108207,0.17059559724182924,15.5,164.1
1610612749,2019-2020,1,243.6,40.9,88.6,13.4,37.3,18.1,25.3,9.8,37.9,47.7,25.400000000000002,7.2,4.4,15.1,113.5,0.4524069300674878,0.5730634813236303,1.6001090331237389,0.7918550471267862,0.20814495287321377,1.1776666666666666,11.6,128.1
1610612749,2020-2021,0,269.4,48.6,99.2,15.0,38.5,18.2,24.3,11.5,41.8,53.5,28.5,9.200000000000001,5.1,15.2,130.4,0.47252262106725057,0.578044360201731,1.7138189053964454,0.7719483472701345,0.22805165272986552,0.18653910383377656,14.3,155.1
1610612749,2020-2021,1,232.20000000000002,42.5,89.6,11.1,34.0,14.6,20.8,12.6,35.1,47.6,22.099999999999998,7.1,4.2,11.5,110.7,0.46194120338284256,0.5618017902264832,1.711434659090909,0.7371563086500921,0.26284369134990787,0.6298162525879917,11.3,126.7
1610612749,2021-2022,0,212.5,41.9,87.9,14.3,37.6,17.900000000000002,23.0,8.1,35.4,43.5,24.5,7.0,3.8,12.8,116.0,0.4600704364053171,0.5809515703438966,1.9894010523320866,0.8276860478939586,0.17231395210604136,0.21728393079530536,10.8,130.6
1610612749,2021-2022,1,220.6,36.8,82.6,10.1,29.9,14.7,19.8,9.4,38.2,47.5,19.1,6.0,4.6,11.9,98.1,0.4477601288641588,0.5547007238910341,1.5688377594627594,0.8009253335197741,0.19907466648022584,1.0238636363636364,10.6,111.7
1610612749,2022-2023,0,209.6,41.8,86.0,12.7,34.3,16.4,22.900000000000002,9.9,35.0,45.0,24.5,5.4,4.8,13.0,112.7,0.4662703248579428,0.5754877032392303,1.981933798959661,0.7815490396587038,0.21845096034129619,0.2079257438188581,10.200000000000001,128.8
1610612749,2022-2023,1,222.8,38.4,81.7,15.299999999999999,40.7,11.9,14.7,8.7,29.6,38.2,24.0,6.4,3.1,11.6,103.7,0.43925703933820887,0.5557333256160168,inf,0.8062120185595796,0.19378798144042048,2.3883333333333336,9.5,117.4
1610612749,2023-2024,0,246.4,45.5,91.8,14.0,37.4,21.0,27.2,9.9,36.5,46.5,28.9,7.0,5.7,13.7,125.9,0.48602065555566043,0.601421829398842,2.059157509157509,0.7814210800023875,0.21857891999761253,0.2402319918264996,12.700000000000001,148.1
1610612750,2016-2017,0,215.8,35.4,75.5,5.7,16.7,18.3,22.8,11.3,29.4,40.6,23.0,7.6,4.4,12.4,94.9,0.4553185408502587,0.5380882362394949,1.8614718614718615,0.7374936199887046,0.26250638001129545,0.13562577641491882,12.0,113.2
1610612750,2017-2018,0,250.8,43.1,89.8,8.5,23.7,21.2,26.0,10.5,33.1,43.6,24.8,9.2,4.3,12.4,115.7,0.47941766946387293,0.5693976800988079,1.9866823053871556,0.7794566906736374,0.22054330932636257,0.17451553075207885,13.5,133.3
1610612750,2018-2019,0,193.8,33.0,72.5,8.0,22.7,15.6,19.8,10.8,30.4,41.0,16.3,6.6,4.3,10.2,89.9,0.448182870513681,0.5507172461790666,1.9285049822135985,0.767111082241173,0.23288891775882697,0.15207955996342026,10.9,104.6
1610612750,2019-2020,0,138.7,23.2,55.0,8.9,25.5,10.4,14.0,5.7,17.3,22.9,12.8,4.9,2.1,8.8,65.7,0.4210494129319247,0.5337901522199732,1.3019314019314019,0.7607850551829731,0.23921494481702685,0.21363552687285406,7.0,64.0
1610612750,2020-2021,0,175.2,25.1,56.7,7.6,22.8,10.8,15.0,7.4,23.3,30.7,18.2,6.9,4.1,8.5,68.9,0.45163578639800117,0.548390904964273,2.02012987012987,0.7611394977885253,0.23886050221147476,0.134357978700498,11.0,84.1
1610612750,2021-2022,0,264.4,46.5,101.6,16.5,46.9,19.7,25.0,11.8,35.7,47.4,29.9,9.7,6.1000000000000005,15.200000000000001,129.3,0.4625459922689333,0.5716635372334617,2.2457095885541634,0.7733143588013718,0.22668564119862822,0.1686509792301812,15.8,146.9
1610612750,2021-2022,1,243.2,36.5,81.5,14.2,35.8,23.3,28.7,6.9,33.9,40.8,23.4,8.0,8.1,17.0,110.3,0.4644014590645635,0.5965410393818378,1.8640079365079365,0.8525658369408369,0.14743416305916307,1.895,16.1,123.0
1610612750,2022-2023,0,208.7,37.4,75.8,9.8,26.900000000000002,15.1,20.9,8.6,30.200000000000003,38.5,24.0,7.2,5.5,12.7,99.9,0.4997866726818933,0.5906300301536825,1.9894257703081233,0.7900784503309134,0.2099215496690866,0.1762731995982185,12.7,118.4
1610612750,2022-2023,1,247.3,38.6,82.7,11.4,31.8,18.7,24.3,8.5,31.3,39.699999999999996,23.2,6.7,4.7,12.200000000000001,107.2,0.45287421621517726,0.558037522250749,1.9641093474426807,0.7287735788396701,0.27122642116032997,2.4433333333333334,11.4,119.4
1610612750,2023-2024,0,226.6,39.6,80.1,11.9,29.7,17.8,22.8,8.9,33.3,42.3,24.5,6.7,5.800000000000001,13.3,108.9,0.49417134897601395,0.5975325232933913,2.1172483766233765,0.8002084768863145,0.1997915231136856,0.25108522167662706,12.5,129.3
1610612751,2016-2017,0,184.1,28.6,64.0,7.0,21.0,14.9,19.0,7.2,27.6,34.8,17.0,5.6000000000000005,4.5,12.6,79.1,0.4395713912149221,0.5410554973341282,1.450720931115668,0.8149360618783453,0.1850639381216547,0.14014165223134845,10.1,88.8
1610612751,2017-2018,0,228.7,33.9,77.0,12.200000000000001,33.5,16.2,20.7,8.9,32.1,41.1,20.7,6.3,4.5,11.7,95.9,0.4459454225020263,0.5605705420650068,1.6344596761263428,0.7904002089624812,0.2095997910375188,0.14533157113149206,10.8,109.0
1610612751,2018-2019,0,220.1,36.6,79.6,10.8,29.8,17.6,24.0,10.799999999999999,33.4,44.1,21.3,5.7,3.9,13.200000000000001,101.7,0.47325274572773235,0.5696385559393303,1.4564127628643757,0.7735671783978597,0.22643282160214026,0.15890681429474143,9.6,114.3
1610612751,2018-2019,1,229.0,36.0,88.3,10.1,32.4,23.400000000000002,29.2,10.5,25.9,36.3,17.1,7.0,3.0,13.3,105.4,0.3858184981946754,0.5002539557776371,1.3435714285714286,0.7535371743547636,0.24646282564523636,2.221,10.0,97.2
1610612751,2019-2020,0,167.4,27.7,60.1,8.7,25.2,12.4,17.2,8.3,28.6,36.9,16.7,3.8,3.6,9.6,76.9,0.49433306173866814,0.5841916635352783,1.705767072433739,0.7997888981173865,0.2002111018826135,0.1989995290133351,7.4,91.4
1610612751,2019-2020,1,232.9,34.7,89.7,14.7,45.2,18.8,25.7,9.299999999999999,32.2,41.4,26.3,5.0,5.1,14.7,102.3,0.3876702567777824,0.49775063686247534,1.7835694608421881,0.806584935096932,0.193415064903068,2.2604166666666665,10.1,103.0
1610612751,2020-2021,0,178.2,31.3,62.6,11.1,27.6,10.0,12.7,6.6,22.7,29.2,15.5,4.9,3.1,7.9,84.0,0.5098497124094787,0.6164617694706184,1.9131519274376418,0.7956348816875132,0.20436511831248674,0.1991468695500205,8.0,94.8
1610612751,2020-2021,1,237.5,41.6,87.7,13.8,36.0,19.1,21.900000000000002,7.8,34.6,42.4,24.4,6.9,5.1,10.799999999999999,115.69999999999999,0.46310031391333567,0.5634086910284433,2.6025177887246853,0.7996417288841123,0.20035827111588767,1.2151234567901232,12.0,134.2
1610612751,2021-2022,0,143.4,22.2,46.7,6.8999999999999995,18.1,6.2,8.700000000000001,6.0,18.9,25.0,13.1,4.6,2.6,6.6000000000000005,57.3,0.48094611462860754,0.5601682136043092,2.091367102396514,0.8090558662627473,0.1909441337372527,0.13731837798067972,7.2,69.0
1610612751,2021-2022,1,231.6,38.9,76.5,11.1,26.2,18.6,25.4,8.1,25.2,33.2,21.2,7.800000000000001,6.6,14.299999999999999,107.2,0.5539980759909265,0.6392709764017342,1.6434497328621611,0.780145262543387,0.219854737456613,3.35,14.4,116.7
1610612751,2022-2023,0,218.7,32.4,69.0,12.5,32.7,12.0,15.6,7.199999999999999,25.9,33.1,20.7,6.0,5.2,8.8,89.5,0.4747350024085607,0.5952503796910522,2.21741452991453,0.8042135446075663,0.19578645539243367,0.15232082982109066,11.2,105.9
1610612751,2022-2023,1,231.5,33.2,74.9,11.4,33.6,13.0,17.6,5.4,28.2,33.5,21.1,5.5,3.6999999999999997,10.5,90.4,0.42496539331214633,0.5212607102309392,2.3721955128205128,0.8688043689922413,0.13119563100775875,2.9114583333333335,9.200000000000001,97.1
1610612751,2023-2024,0,241.4,42.8,91.60000000000001,11.7,32.8,16.8,21.7,12.5,32.4,44.9,25.7,7.2,5.6000000000000005,11.8,114.1,0.4800261124133637,0.566436180422812,2.211633138103726,0.7362265788444244,0.26377342115557567,0.23748473346999144,12.8,131.6
1610612752,2016-2017,0,200.39999999999998,37.4,81.8,7.4,21.1,15.4,18.8,9.6,27.9,37.5,16.1,5.6,5.5,11.1,97.8,0.4631397790835763,0.5465670650813739,1.4826820220841959,0.7474654071411496,0.2525345928588503,0.17233001117308921,11.100000000000001,103.7
1610612752,2017-2018,0,181.3,28.7,61.2,4.5,12.5,10.4,12.700000000000001,9.0,26.8,35.8,20.3,5.0,3.3000000000000003,12.0,72.5,0.4599581378242207,0.5362178377009013,1.6477239650614264,0.7825643306583223,0.2174356693416777,0.12677757598277548,8.3,90.0
1610612752,2018-2019,0,202.7,31.2,67.8,6.8,19.900000000000002,15.4,21.1,10.6,35.4,45.9,15.0,5.6,5.300000000000001,12.2,84.7,0.48591458962258144,0.5644582018153371,1.240110236985237,0.7914861360137395,0.20851386398626048,0.1604602333645515,10.9,101.9
1610612752,2019-2020,0,202.7,32.5,70.4,6.7,20.6,13.0,19.1,11.2,30.7,41.8,14.8,6.3,4.7,10.9,84.9,0.47724371196953835,0.550557524595193,1.5096360429693763,0.7581406801597497,0.2418593198402503,0.15695533453170912,11.0,97.5
1610612752,2020-2021,0,180.7,30.5,67.8,9.1,23.6,13.3,16.5,6.300000000000001,27.099999999999998,33.5,16.9,5.0,3.5000000000000004,9.9,83.3,0.46728205901774805,0.5650384043937792,1.665533230836194,0.8083820450030091,0.1916179549969908,0.17654748063294098,8.5,91.5
1610612752,2020-2021,1,235.8,34.4,85.2,10.4,30.2,17.2,21.0,11.8,34.4,46.2,18.2,5.6000000000000005,2.6,11.399999999999999,96.4,0.43334208497338267,0.539517974431509,2.1475442834138487,0.7489201005090119,0.2510798994909881,2.1422222222222222,8.200000000000001,103.0
1610612752,2021-2022,0,193.8,33.3,76.2,11.1,31.1,16.8,22.9,9.1,29.7,38.7,18.3,5.1,3.6,10.9,94.7,0.4698961690435701,0.5721723537784439,1.6998001998001997,0.7902733143240545,0.20972668567594566,0.18192896389324958,8.7,101.1
1610612752,2022-2023,0,269.9,46.2,97.60000000000001,13.6,38.1,21.9,29.3,14.1,39.0,53.2,26.6,7.199999999999999,4.5,13.3,128.0,0.4831920766457629,0.5786115286244881,2.035844155844156,0.7602247768880488,0.23977522311195115,0.17709958681757004,11.700000000000001,148.0
1610612752,2022-2023,1,254.0,36.9,85.8,10.2,35.3,21.1,28.3,13.2,33.9,47.2,19.4,7.3,4.8,14.1,105.2,0.4118526069962078,0.5169315828912016,inf,0.7762745519244378,0.22372544807556224,1.0138030303030303,12.1,113.8
1610612752,2023-2024,0,242.2,44.4,94.39999999999999,14.3,37.9,19.4,24.5,12.6,33.6,46.099999999999994,25.8,7.5,4.1,13.5,122.4,0.47639242459641207,0.5812999861787095,1.9623807673807674,0.7440536806259537,0.2559463193740463,0.27323218289550205,11.6,137.1
1610612753,2016-2017,0,240.0,37.9,86.89999999999999,8.7,26.599999999999998,16.1,21.8,9.0,32.0,41.1,22.9,7.4,4.0,13.1,100.8,0.429038196868632,0.5180480264424159,1.6534632034632033,0.8036941823730508,0.19630581762694915,0.136013576437387,11.4,108.7
1610612753,2017-2018,0,129.5,18.3,40.199999999999996,4.5,12.9,8.700000000000001,11.5,4.5,15.2,19.6,13.299999999999999,4.2,2.1,7.6000000000000005,50.0,0.45575445934918424,0.5449647612977374,1.7397005772005771,0.7848622861553896,0.21513771384461036,0.11577314830651814,6.3,57.1
1610612753,2018-2019,0,211.6,36.6,80.39999999999999,11.1,30.2,13.200000000000001,16.5,7.8999999999999995,30.400000000000002,38.4,22.9,6.0,4.0,11.2,97.5,0.4449814910140384,0.5526445601580314,2.029602296460849,0.8104253526588086,0.18957464734119145,0.15674269593877438,10.0,110.7
1610612753,2018-2019,1,230.79999999999998,30.6,78.2,10.0,32.0,16.8,21.2,9.2,32.2,41.4,18.2,6.3999999999999995,3.8,15.2,88.0,0.3985330999399136,0.5141216150046717,1.2614163614163614,0.8209428514536041,0.17905714854639587,1.9555555555555553,10.2,90.6
1610612753,2019-2020,0,227.0,39.4,88.6,11.6,33.5,17.0,21.7,8.6,32.2,40.8,24.2,7.2,4.1,11.4,107.6,0.44048755321553357,0.5482349595015834,1.9899784182678917,0.8021370050971003,0.1978629949028997,0.18758745520605466,11.3,118.5
1610612753,2019-2020,1,238.8,36.8,88.0,14.6,39.4,17.6,21.0,6.6000000000000005,35.6,42.2,23.6,6.8,3.2,14.2,105.8,0.3990696135003915,0.5340742817885725,1.7045821462488129,0.8711384783798577,0.1288615216201423,2.351111111111111,10.0,112.8
1610612753,2020-2021,0,68.6,11.1,24.7,1.6,5.5,5.5,7.3,3.4,11.4,14.799999999999999,4.9,1.6,1.1,3.0,29.0,0.45148196594008483,0.5194273306277658,1.7412698412698413,0.8022854145592148,0.19771458544078527,0.16469680464778505,2.7,32.8
1610612753,2021-2022,0,231.5,37.6,85.5,12.6,37.5,15.7,19.4,8.6,36.1,44.8,21.8,6.5,4.4,12.4,103.4,0.43901398558416926,0.5501282331482491,1.7173893520384749,0.8126604216568374,0.1873395783431626,0.17328524557093597,10.9,116.4
1610612753,2022-2023,0,143.4,27.6,57.9,5.0,15.0,14.5,18.1,5.1,20.5,25.5,17.8,4.3,2.8,10.3,74.7,0.4847147681400674,0.5730924151663966,1.738271221532091,0.7934988603259345,0.2065011396740654,0.21805555555555559,7.1,80.8
1610612753,2023-2024,0,205.0,36.0,75.9,9.7,27.3,17.6,23.1,8.8,26.7,35.7,22.8,6.7,4.0,12.6,99.4,0.4800931088374037,0.5874518189635901,1.9027036545612397,0.7491567871467028,0.2508432128532972,0.2109707410286164,10.7,110.5
1610612754,2016-2017,0,243.2,39.7,84.5,9.0,23.7,17.6,21.4,9.3,32.9,42.3,22.2,8.5,5.0,12.9,105.8,0.4672506283388255,0.5504019632241002,1.6246478043029768,0.7774927323344121,0.22250726766558793,0.14214978290887512,13.5,121.6
1610612754,2016-2017,1,241.9,40.7,86.9,11.4,28.5,16.8,21.8,11.9,30.6,42.4,22.599999999999998,8.1,4.0,12.1,108.9,0.5210836207409498,0.6049732249026716,inf,0.7749683892996878,0.22503161070031213,2.7641666666666667,12.1,121.8
1610612754,2017-2018,0,245.5,42.1,88.2,8.9,24.3,16.3,20.900000000000002,10.4,34.2,44.7,23.599999999999998,9.2,4.4,13.7,109.3,0.4781193782225394,0.5569178772270927,1.8321147100865796,0.7806251548324973,0.21937484516750266,0.16282935262266338,13.6,126.9
1610612754,2018-2019,0,246.3,41.6,87.2,9.9,26.2,16.2,21.3,9.6,32.9,42.6,24.9,8.3,4.8,13.1,109.3,0.4789131993192098,0.5629177325550063,1.9935171691054046,0.7912993191009974,0.20870068089900268,0.14613690170585664,13.1,126.3
1610612754,2018-2019,1,240.4,34.1,84.2,10.299999999999999,30.4,14.6,20.5,8.2,31.599999999999998,39.699999999999996,21.2,8.5,3.8000000000000003,11.2,92.3,0.3932989795022325,0.48059296908371624,inf,0.7827316120257612,0.21726838797423875,2.3383333333333334,12.3,97.4
1610612754,2019-2020,0,224.89999999999998,40.2,83.6,9.7,25.9,14.5,18.1,8.4,32.3,41.0,26.0,6.5,5.1000000000000005,12.2,104.7,0.474371784226432,0.5657142448903225,1.978665264776376,0.8073813468453821,0.1926186531546179,0.1835942524601288,11.6,123.7
1610612754,2019-2020,1,246.1,37.0,81.7,12.1,32.4,16.3,20.8,6.0,31.9,37.9,23.2,9.4,5.6,15.1,102.0,0.4435557597264276,0.5323378883168985,1.5919254658385094,0.8799555317976371,0.12004446820236295,2.5858333333333334,15.0,113.4
1610612754,2020-2021,0,185.3,34.1,69.89999999999999,9.4,25.099999999999998,11.5,14.8,6.0,24.599999999999998,31.0,25.0,6.6,2.2,11.1,88.9,0.4885347539982622,0.5811351518300496,2.090016006402561,0.8103522414446784,0.1896477585553216,0.2047318210023816,8.799999999999999,103.7
1610612754,2021-2022,0,89.2,14.2,33.0,6.5,17.4,5.2,6.5,3.2,10.4,13.7,12.1,3.3,1.3,5.3,40.0,0.4289609242448094,0.5546574064430646,2.000843454790823,0.7706888986397543,0.2293111013602457,0.17570492893875977,4.6,45.3
1610612754,2022-2023,0,233.0,40.2,85.2,12.4,33.9,18.4,23.4,10.7,32.8,43.6,20.7,6.9,6.4,13.4,111.2,0.47221143668073784,0.5760040216241965,1.4578412609062763,0.7552170791736736,0.2447829208263263,0.15821377186926303,13.3,125.1
1610612754,2023-2024,0,238.1,48.6,94.4,12.8,33.3,18.6,23.9,9.4,29.3,38.8,34.800000000000004,7.4,5.4,13.799999999999999,128.6,0.5221653743348654,0.6156695352620478,2.258000393139712,0.7568607665273613,0.24313923347263877,0.2499348865649526,12.8,149.7
1610612755,2016-2017,0,190.7,26.1,63.2,8.8,26.5,11.6,14.5,5.7,23.5,29.1,21.4,7.199999999999999,2.6,12.7,72.6,0.4146530511752089,0.5218992473420996,1.621063755403,0.8144145161797626,0.1855854838202374,0.12305014249522964,9.8,80.3
1610612755,2017-2018,0,243.10000000000002,43.0,91.1,12.0,31.9,19.2,24.700000000000003,11.1,37.9,49.0,27.799999999999997,8.7,5.4,16.5,116.9,0.4768584643567816,0.5715720345794015,1.747862767677009,0.7900083335404203,0.20999166645957965,0.17797743409437197,14.1,137.3
1610612755,2018-2019,0,237.4,45.9,94.0,9.8,26.7,25.9,32.8,11.1,40.3,51.5,26.7,7.3,5.3,15.0,127.4,0.4942202705834649,0.5863026894921076,1.754402387735721,0.7794980370328549,0.22050196296714503,0.20137463891845064,12.6,148.1
1610612755,2018-2019,1,243.9,39.7,86.0,9.4,28.5,20.8,26.3,11.8,38.1,49.9,24.7,6.5,5.8,15.9,109.6,0.45424734622685803,0.5441902312110691,2.303314332726097,0.750706090590851,0.24929390940914897,0.8771625344352617,12.3,128.3
1610612755,2019-2020,0,257.8,42.9,92.2,12.5,33.7,16.0,20.8,9.4,32.6,42.0,27.4,9.0,4.5,13.2,113.9,0.45920107158586304,0.5614732034066945,2.004417293233083,0.7694422114418018,0.2305577885581982,0.17937253165302297,13.5,129.4
1610612755,2019-2020,1,230.7,32.7,82.0,7.6,29.1,26.2,32.3,12.5,32.8,45.300000000000004,16.8,4.7,4.5,11.2,98.7,0.3512993965026485,0.4654911691896743,inf,0.7604944794395618,0.23950552056043817,2.7416666666666667,9.2,102.7
1610612755,2020-2021,0,264.5,46.7,97.7,12.4,33.1,23.2,29.8,10.3,39.2,49.6,26.9,10.0,6.7,15.5,129.5,0.46787569483747277,0.5687627270024534,1.8771579679592447,0.8149770537237299,0.18502294627627022,0.20214766335840242,16.7,149.5
1610612755,2020-2021,1,221.6,41.2,81.89999999999999,10.0,25.0,20.8,30.0,8.0,35.0,42.8,23.2,7.5,5.6,12.1,112.9,0.4835425101831897,0.5751129612441074,1.9643046020849226,0.8294299401428351,0.17057005985716495,0.9621212121212122,13.1,129.4
1610612755,2021-2022,0,232.3,39.5,86.3,12.5,34.2,24.3,29.1,6.0,33.3,39.5,27.6,7.3,5.1,13.1,115.7,0.44906940162358117,0.5753140933964068,2.13347145126379,0.8460120200936386,0.15398797990636143,0.209177713029637,12.4,130.79999999999998
1610612755,2021-2022,1,247.6,37.4,80.9,12.600000000000001,34.4,20.5,24.3,7.8,32.0,39.8,21.7,6.6000000000000005,4.5,14.0,108.10000000000001,0.46084257075246776,0.5844129165142415,1.6281141774891776,0.8001551476584599,0.19984485234154006,0.9571111111111111,11.100000000000001,119.8
1610612755,2022-2023,0,266.2,46.6,96.4,14.6,37.7,25.0,29.099999999999998,9.0,36.9,45.9,30.5,8.4,5.0,15.0,132.9,0.4802662834323582,0.5980537576156507,1.8491327300150828,0.7987133139712801,0.20128668602871985,0.1972425682984943,13.4,153.5
1610612755,2022-2023,1,243.2,36.8,84.6,12.4,33.6,17.8,20.1,10.4,33.2,43.8,19.400000000000002,7.5,5.9,11.1,104.0,0.44204003047985746,0.5593049888427231,1.9159111721611721,0.772813212606343,0.22718678739365705,1.112794612794613,13.4,119.4
1610612755,2023-2024,0,172.3,32.2,68.6,9.7,27.0,12.2,14.799999999999999,6.300000000000001,20.1,26.599999999999998,18.2,5.7,3.1,7.3,86.5,0.4800675693426438,0.575019266065978,2.307045895281189,0.7794988274891035,0.2205011725108966,0.24038707709957122,8.8,93.6
1610612756,2016-2017,0,194.7,35.3,78.5,6.8,20.3,17.9,22.7,7.5,23.1,30.6,18.9,6.8,4.1000000000000005,13.1,95.2,0.45376731711642176,0.5355098647912256,1.4324562349941856,0.7772993909508835,0.22270060904911648,0.1696569161191568,10.9,94.0
1610612756,2017-2018,0,197.6,32.5,72.2,6.6,20.1,13.0,18.5,8.7,26.1,34.8,18.0,6.0,4.1,12.4,84.8,0.44569262937592197,0.5313205078471556,1.3026404394825448,0.7746178439663391,0.22538215603366082,0.15064676986972309,10.1,90.2
1610612756,2018-2019,0,184.2,35.1,73.6,6.9,21.3,17.1,21.6,7.9,24.7,32.7,18.7,6.6,4.5,12.7,94.0,0.47995670668751,0.565243615905218,1.5032912499811455,0.7884363171221364,0.21156368287786373,0.1932659727789057,11.1,100.5
1610612756,2019-2020,0,205.5,33.5,73.1,10.9,29.4,18.2,21.6,6.3999999999999995,26.0,32.4,25.2,7.2,2.8,12.2,95.8,0.4482103261592629,0.5722537226304689,2.070582171240066,0.7987601797327774,0.2012398202672226,0.18903791425707525,10.0,108.60000000000001
1610612756,2020-2021,0,210.1,38.3,77.7,12.0,31.1,13.6,16.1,7.0,28.6,35.4,25.0,6.4,3.9,10.5,102.1,0.4851853045866331,0.5983781289869361,2.615527248289345,0.8283262821663384,0.1716737178336616,0.1936546981706375,10.299999999999999,120.5
1610612756,2020-2021,1,228.4,39.6,81.5,11.0,28.6,15.7,18.2,7.6000000000000005,32.5,39.8,22.1,6.4,4.1,11.1,105.7,0.48419484526628076,0.5964312923585303,1.9025293025293026,0.8140565548936627,0.18594344510633726,0.6136958874458874,10.5,122.5
1610612756,2021-2022,0,281.3,51.699999999999996,106.4,14.2,38.6,18.3,22.2,9.8,40.9,50.6,33.4,9.9,4.5,14.4,136.0,0.48304525776477686,0.5818100517124009,2.193948728039637,0.8231997785172397,0.17680022148276023,0.18501116877076731,14.4,161.5
1610612756,2021-2022,1,234.5,40.7,82.2,9.9,27.0,16.400000000000002,19.599999999999998,8.0,30.0,38.0,25.1,6.2,3.5,12.700000000000001,107.5,0.4869725387263622,0.5787350274064341,1.9722222222222223,0.8047996718160522,0.19520032818394772,0.9864529914529915,9.700000000000001,122.7
1610612756,2022-2023,0,191.2,29.9,62.2,8.3,22.2,10.5,14.0,11.2,28.1,39.3,19.2,5.6,5.0,9.4,78.2,0.4725089029299963,0.5652157533757418,1.8636416377644447,0.7181087732250523,0.2818912267749477,0.13089005905225626,10.6,101.8
1610612756,2022-2023,1,189.4,36.0,70.2,7.0,18.599999999999998,18.0,22.2,8.5,25.5,34.1,18.0,4.7,4.7,10.0,97.0,0.4776295801609278,0.5654423678192259,2.549052810779484,0.7053470641520675,0.29465293584793256,1.1510511363636364,9.4,110.0
1610612756,2023-2024,0,242.8,42.6,87.3,13.3,34.5,20.3,24.9,9.2,34.0,43.4,28.2,7.2,6.0,14.100000000000001,118.8,0.48080952427364476,0.59418151882719,1.952146002146002,0.7767295696570051,0.22327043034299487,0.26006682190272296,13.2,139.8
1610612757,2016-2017,0,237.9,40.0,87.1,10.5,28.0,18.2,23.0,9.7,33.0,42.6,19.900000000000002,6.8,5.0,13.3,108.4,0.4577759433329532,0.5448441983018097,1.4348528015194681,0.7883048313073848,0.21169516869261515,0.16480590738683704,11.8,117.1
1610612757,2016-2017,1,235.0,34.9,88.6,10.8,34.0,19.7,24.2,10.5,32.1,42.4,14.799999999999999,7.3,4.6,14.6,99.7,0.36077329431578303,0.4553088823399678,inf,0.7586599359791532,0.2413400640208469,2.5175,11.9,95.6
1610612757,2017-2018,0,249.8,40.8,90.8,11.0,30.4,17.8,22.0,10.299999999999999,35.5,45.9,20.5,7.5,5.6,13.5,110.39999999999999,0.45465413799532584,0.5458744853620152,1.4378711861492182,0.7872167876060965,0.21278321239390358,0.14804895190720208,13.1,121.8
1610612757,2018-2019,0,291.1,52.0,109.4,12.3,34.1,23.2,28.2,15.899999999999999,44.4,60.2,26.7,8.0,5.9,15.5,139.2,0.4815314234034274,0.5746333707116426,1.6191000977685759,0.7585075305759393,0.2414924694240607,0.16108065355091578,13.9,162.1
1610612757,2018-2019,1,234.5,37.3,85.2,10.9,30.4,18.5,23.8,11.1,31.6,42.6,19.0,6.7,5.1,12.3,103.8,0.4312788157186622,0.5314832955192125,1.6332494990389728,0.754945887561465,0.24505411243853498,0.7208333333333333,11.8,111.3
1610612757,2019-2020,0,223.9,41.2,88.89999999999999,13.4,34.5,17.5,21.3,8.3,32.1,40.2,20.1,6.300000000000001,5.2,11.3,113.1,0.45838950945468226,0.5684089549271161,1.7889285220357736,0.8137509750430184,0.1862490249569816,0.22181641731595833,11.5,122.0
1610612757,2019-2020,1,241.6,37.8,89.3,12.7,32.5,21.8,27.1,9.2,33.199999999999996,42.2,18.8,7.7,3.8,16.8,110.0,0.43559158205056037,0.5415714643501551,1.1835164835164835,0.7567301727646556,0.24326982723534452,2.6466666666666665,11.5,108.7
1610612757,2020-2021,0,188.7,32.7,71.1,13.0,33.1,16.3,19.0,7.9,25.9,33.8,16.0,5.6,4.1,8.9,95.1,0.46216667722902155,0.5908238636725959,1.6567778626602154,0.7964145994546985,0.2035854005453015,0.20138848121502248,9.7,104.6
1610612757,2020-2021,1,244.1,41.0,86.0,15.899999999999999,38.0,19.2,22.200000000000003,8.8,31.9,40.7,22.7,4.9,5.6,11.0,117.3,0.5228762015499449,0.6410895684436498,1.9750025336981858,0.7731709324560004,0.22682906754399954,2.187037037037037,10.5,132.3
1610612757,2021-2022,0,57.8,8.6,18.9,3.0999999999999996,9.0,3.5,4.6,3.1,7.699999999999999,10.9,3.5999999999999996,1.6,1.0999999999999999,3.0,23.7,0.4657140553366968,0.5661268299816201,1.196969696969697,0.7511086921464281,0.24889130785357202,0.12260856807511737,2.7,26.6
1610612757,2022-2023,0,200.6,37.3,78.6,13.5,35.9,20.0,23.8,6.2,22.8,28.9,19.6,5.5,3.8000000000000003,11.3,108.4,0.48845613867595106,0.6010693863233845,1.626213023088023,0.7875788563288564,0.21242114367114368,0.21389005334941205,9.3,109.8
1610612757,2023-2024,0,146.8,22.4,52.2,7.0,20.5,11.6,14.8,7.3,16.0,23.3,11.5,5.2,3.1,8.4,63.7,0.4286052173866388,0.5405678708062224,1.4243386243386242,0.699975559466041,0.300024440533959,0.22202737297975395,8.3,65.4
1610612758,2016-2017,0,232.0,32.8,72.6,9.8,25.3,12.3,15.7,6.2,24.8,30.9,19.9,7.0,2.6,11.0,87.7,0.45424258220478214,0.5521148756433872,1.6806007666224385,0.81908439750545,0.18091560249454988,0.12743012763564032,9.6,94.0
1610612758,2017-2018,0,221.8,37.8,82.6,7.9,21.2,11.0,15.1,9.4,30.4,39.7,19.6,7.2,3.8000000000000003,12.8,94.7,0.46063859250485695,0.5320482147101201,1.546031746031746,0.7870282725761704,0.21297172742382975,0.1519075240741664,11.0,103.0
1610612758,2018-2019,0,250.4,47.3,102.4,12.3,31.4,19.8,26.6,11.3,36.2,47.8,25.8,7.8999999999999995,4.5,14.2,126.6,0.46438949838280513,0.5521604848484756,1.8457957565310505,0.7843786302539438,0.21562136974605614,0.17336345880085177,12.4,136.7
1610612758,2019-2020,0,221.1,38.1,84.2,13.2,35.4,15.4,20.5,7.3,28.6,35.8,24.0,7.1,3.5,13.1,104.6,0.45416844866714134,0.5596248614127854,1.8112463506572904,0.8045900207433001,0.1954099792566999,0.2065999313287163,10.6,110.6
1610612758,2020-2021,0,210.2,38.3,80.0,12.2,32.5,15.1,19.5,6.5,26.3,32.9,27.1,7.3,3.9000000000000004,11.5,104.0,0.48210671942769584,0.5885289331868607,2.3001831501831504,0.8137447401416347,0.1862552598583653,0.24390347306049545,11.200000000000001,117.7
1610612758,2021-2022,0,200.7,36.0,76.9,9.3,27.6,18.0,23.3,7.300000000000001,29.8,37.1,21.3,5.7,2.6,11.8,99.5,0.46334196808594885,0.5685881816253129,1.7380440348182284,0.8226347436622455,0.17736525633775443,0.2127427449715195,8.3,108.0
1610612758,2022-2023,0,240.5,45.0,90.8,14.3,38.8,20.599999999999998,25.8,9.0,33.0,42.1,27.8,7.1000000000000005,3.1,13.4,124.8,0.4927797803315384,0.6060288730403769,1.8665642189026943,0.8055451434010165,0.1944548565989836,0.16492887035281534,10.2,140.5
1610612758,2022-2023,1,230.3,39.4,91.8,11.0,36.9,19.0,25.1,13.3,32.7,46.0,21.0,7.5,4.3,13.6,108.69999999999999,0.4599416009514289,0.5528215717671127,1.49823990657324,0.746775709618204,0.25322429038179595,1.552857142857143,11.8,116.2
1610612758,2023-2024,0,230.70000000000002,42.5,88.0,14.7,39.0,15.6,21.1,8.6,30.700000000000003,39.199999999999996,28.4,6.9,3.2,12.1,115.2,0.46585694260714977,0.581982328928929,2.311797872908984,0.8017466005212698,0.19825339947873022,0.2440146016881397,10.1,129.8
1610612759,2016-2017,0,263.9,43.2,92.0,10.0,25.5,19.3,24.5,11.2,37.5,48.699999999999996,26.0,8.8,6.4,13.8,116.1,0.4709110731842851,0.5645192527761658,1.8512140637140637,0.7990297156328915,0.20097028436710848,0.1355935277752608,15.2,138.8
1610612759,2016-2017,1,229.7,38.0,81.3,8.5,24.3,18.7,24.2,13.3,31.599999999999998,44.6,19.3,7.1,4.6,11.1,103.3,0.4768402436005781,0.558101719088869,1.7903656949111493,0.715073182527928,0.28492681747207205,0.6578758741258741,11.700000000000001,119.5
1610612759,2017-2018,0,218.6,34.5,75.9,8.5,23.599999999999998,14.4,18.3,9.2,30.6,39.8,20.2,7.1,5.3,11.4,91.8,0.4473938074617864,0.5417237755681321,1.7701316085874907,0.8154035684134794,0.18459643158652056,0.12264679038413795,12.4,107.2
1610612759,2018-2019,0,247.4,43.6,91.0,10.299999999999999,26.200000000000003,17.0,20.9,9.3,35.8,45.0,25.2,6.2,4.7,12.0,114.8,0.48298095391068385,0.5807611376034891,2.1582569717863835,0.8207216365145685,0.1792783634854314,0.1505711825025005,10.9,133.3
1610612759,2018-2019,1,247.6,40.4,86.9,6.800000000000001,20.6,18.0,23.4,10.9,35.5,46.4,21.7,4.5,3.9,7.8999999999999995,105.4,0.43951523023804917,0.5234939794372778,inf,0.8389957575591904,0.16100424244080963,1.1908424908424908,8.4,122.1
1610612759,2019-2020,0,256.5,45.1,96.2,11.7,31.3,19.7,24.1,9.0,37.4,46.4,26.0,7.5,5.7,12.4,121.5,0.4664304438285552,0.5647110076801002,2.1817422343738135,0.8254055000776578,0.17459449992234227,0.17541284342935468,13.2,139.2
1610612759,2020-2021,0,223.6,39.1,83.9,8.7,24.6,16.3,20.5,9.1,32.6,41.6,23.2,6.5,4.5,10.3,103.4,0.4731812356666374,0.5603977059124388,2.0490691225985342,0.8041016114927215,0.19589838850727845,0.18012570091761104,11.0,119.8
1610612759,2021-2022,0,203.4,38.0,80.9,9.0,25.4,12.9,17.0,9.2,30.5,39.5,24.099999999999998,7.2,3.8,9.7,97.9,0.4759318785609252,0.5574753055762863,2.3932005494505493,0.7917721007079763,0.20822789929202368,0.17775956796362816,11.0,115.8
1610612759,2022-2023,0,168.8,31.0,67.6,9.2,26.4,12.6,16.2,5.6,19.7,25.3,19.9,4.6,1.8,9.3,84.0,0.45716311953760663,0.5661279474040386,2.2609977324263038,0.7912693879080434,0.20873061209195662,0.1833008075212018,6.4,86.1
1610612759,2023-2024,0,224.2,40.9,89.2,11.7,34.5,15.6,19.5,9.4,31.7,41.3,27.4,6.9,5.8999999999999995,14.1,109.10000000000001,0.45561371660659983,0.5573878259872672,2.150087637394139,0.7842544956169863,0.21574550438301363,0.22979867881265223,12.8,124.2
1610612760,2016-2017,0,267.3,44.9,97.3,9.0,26.8,21.2,28.4,13.7,38.7,52.3,22.0,8.0,5.7,16.0,119.8,0.456957696990465,0.5332625704007057,1.3115464056640527,0.7612920138038529,0.23870798619614708,0.14552770724092592,13.7,132.1
1610612760,2016-2017,1,233.7,38.300000000000004,86.0,8.3,26.400000000000002,17.8,26.2,12.2,30.3,42.5,18.900000000000002,8.0,7.8999999999999995,12.7,102.7,0.45923611604890924,0.5317034356926659,inf,0.7602110578634201,0.2397889421365799,2.0605,15.9,111.0
1610612760,2017-2018,0,248.8,41.3,91.7,11.4,32.3,18.0,25.1,12.4,33.2,45.5,21.900000000000002,9.4,5.0,14.1,112.0,0.4397360146525689,0.5405645430036841,1.406433027756557,0.7467645157937649,0.25323548420623515,0.13101309440245126,14.4,122.4
1610612760,2018-2019,0,255.1,45.6,100.3,12.2,34.9,19.3,27.0,13.5,39.1,52.5,25.299999999999997,9.8,5.6000000000000005,14.700000000000001,122.7,0.4603383126726839,0.5478858429295436,1.4589998019409784,0.7581146608119596,0.24188533918804053,0.16589527254504283,15.4,138.7
1610612760,2018-2019,1,238.2,37.4,84.6,10.4,31.0,19.2,25.400000000000002,10.0,32.8,42.8,22.599999999999998,6.6,5.2,15.2,104.4,0.44415648373569167,0.5362797594811927,1.4414001993712138,0.7745608513764368,0.22543914862356315,2.3200000000000003,11.8,113.0
1610612760,2019-2020,0,228.5,38.9,81.1,10.2,27.599999999999998,20.099999999999998,25.0,7.8999999999999995,33.1,41.0,21.4,7.2,5.2,12.7,108.3,0.48281865865393314,0.5836867788609506,1.4997995118704501,0.8187150199991509,0.1812849800008491,0.18728424618385836,12.4,123.39999999999999
1610612760,2019-2020,1,231.0,36.3,82.7,11.7,34.4,18.0,23.1,8.5,39.300000000000004,47.9,17.6,5.1,3.4,15.9,102.1,0.44723264317539535,0.5542656798276449,1.1041478449087145,0.8499524618845373,0.15004753811546262,1.8604166666666668,8.5,108.9
1610612760,2020-2021,0,153.4,23.2,55.1,8.200000000000001,24.7,8.7,12.200000000000001,5.2,21.2,26.2,12.8,4.8,2.2,10.3,63.0,0.4326901822976283,0.5296139130464077,1.285691939639308,0.8036604136604136,0.19633958633958634,0.17772154075432764,7.0,62.9
1610612760,2021-2022,0,70.9,10.9,26.700000000000003,3.7,11.600000000000001,3.4,4.7,2.6,11.7,14.4,5.0,2.2,1.8,4.0,28.8,0.4078303661890288,0.4991569326967746,1.2423076923076923,0.8225478225478225,0.17745217745217745,0.15148174546606477,4.0,31.3
1610612760,2022-2023,0,182.9,36.3,77.1,8.8,24.7,18.5,22.0,7.4,22.1,29.5,21.2,6.7,2.7,10.6,99.8,0.4646802114246184,0.570391842959712,1.9665816326530614,0.7549734402440702,0.24502655975592977,0.19936087288966034,9.4,104.8
1610612760,2023-2024,0,230.7,44.3,86.8,13.0,32.2,17.8,21.5,8.4,31.7,40.1,25.7,8.1,6.6,11.0,119.4,0.4950482297236771,0.6127694427569843,2.3738562091503264,0.7831962345929921,0.2168037654070078,0.22029709595866448,14.7,142.9
1610612761,2016-2017,0,250.6,42.4,91.9,10.3,28.2,21.7,26.3,10.3,35.3,45.5,20.3,8.2,4.3,12.4,116.6,0.45486018452926597,0.5558498673458413,1.5109919348425096,0.7879280602733891,0.21207193972661084,0.17970143170031516,12.5,128.0
1610612761,2016-2017,1,243.8,35.7,80.5,8.1,24.5,19.2,23.3,6.0,32.4,38.2,20.6,7.5,4.3999999999999995,12.6,98.7,0.4346588352060362,0.5384302120431957,1.6793226087637851,0.8395580931192814,0.16044190688071847,1.042611111111111,11.9,107.9
1610612761,2017-2018,0,250.4,43.1,91.9,12.7,35.2,18.2,22.7,10.0,35.3,45.4,25.6,7.9,5.9,13.2,116.7,0.476445321439232,0.5735356739984229,1.7949494949494949,0.7943617685877612,0.20563823141223878,0.13913135176779742,13.8,134.9
1610612761,2018-2019,0,271.5,48.300000000000004,102.2,14.4,38.8,21.7,26.9,9.2,40.2,49.2,32.5,9.4,5.8,16.0,132.8,0.4671253174816514,0.5790531167986159,1.8987639716664486,0.8213807597123276,0.17861924028767237,0.19260651482351135,15.2,154.8
1610612761,2018-2019,1,234.20000000000002,37.0,82.6,11.7,33.4,19.0,22.8,8.299999999999999,32.9,41.0,22.0,7.9,4.6,11.2,104.7,0.4334933944376879,0.5527483897436223,2.05623149446782,0.8134939669340929,0.18650603306590702,0.5467844202898551,12.5,119.6
1610612761,2019-2020,0,241.1,43.7,94.8,14.4,38.6,21.3,26.5,10.0,35.8,45.8,26.2,9.1,5.1,15.0,123.0,0.4665248280269663,0.5785005638384485,1.5809384164222875,0.7837235387896967,0.21627646121030336,0.23451953261643846,14.2,137.9
1610612761,2019-2020,1,227.0,36.5,82.7,13.5,37.5,15.3,19.8,7.3,34.0,41.2,23.2,6.7,5.2,11.7,102.10000000000001,0.4659260011114233,0.5832953255020682,2.411780303030303,0.8419978857907919,0.15800211420920804,1.16375,11.9,116.4
1610612761,2020-2021,0,221.6,35.4,81.1,11.2,32.9,15.5,19.5,10.5,28.5,39.0,20.1,7.7,5.3999999999999995,10.2,97.8,0.4404023345471311,0.5388764499847041,1.809322521279043,0.7505461701608339,0.24945382983916606,0.19308852951246674,13.1,110.1
1610612761,2021-2022,0,201.8,36.5,81.5,10.5,29.3,15.200000000000001,19.7,10.4,27.4,37.7,20.4,7.3,3.8,10.6,98.4,0.4448461094612054,0.5338401838696509,1.6965710215710215,0.7353219577249276,0.26467804227507247,0.20113495319809352,11.1,107.8
1610612761,2021-2022,1,193.2,31.5,67.8,7.5,23.7,12.7,16.0,8.2,20.2,28.5,13.5,4.8,4.1,7.4,83.1,0.4262585631105797,0.49524991757827946,1.867535650623886,0.6646158454275348,0.3353841545724652,1.73125,8.9,87.1
1610612761,2022-2023,0,236.9,43.6,93.4,10.5,30.7,20.1,25.6,13.2,30.4,43.6,25.0,9.2,5.8,11.7,118.0,0.4761175999388769,0.5635785807929123,1.9339460784313727,0.703681308314929,0.29631869168507097,0.21054784298049325,15.0,134.6
1610612761,2023-2024,0,228.8,40.4,84.1,11.2,30.2,16.6,21.5,10.6,32.9,43.5,25.2,6.4,5.2,11.9,108.7,0.48847948582883455,0.5878024095415677,2.015711029819217,0.7764406533713387,0.2235593466286613,0.2336633541992398,11.600000000000001,128.7
1610612762,2016-2017,0,195.5,29.7,64.5,8.7,23.3,13.8,18.2,7.4,28.0,35.4,15.8,4.8,4.0,10.3,81.89999999999999,0.4567014099385369,0.5523918417698577,1.5605856132171922,0.8136688535945089,0.18633114640549117,0.14211310793685678,8.8,92.4
1610612762,2016-2017,1,247.8,37.0,80.4,9.6,26.099999999999998,17.9,25.0,7.0,34.2,41.4,20.4,7.0,3.3000000000000003,11.4,101.4,0.4829332895723373,0.5744333130548498,1.762280497280497,0.8618709372977289,0.13812906270227102,1.0158080808080807,10.3,111.5
1610612762,2017-2018,0,209.7,32.1,71.3,9.9,27.3,13.9,17.5,7.4,28.0,35.2,20.099999999999998,7.8,3.7,11.700000000000001,88.2,0.45561934508135693,0.5607554016632477,1.7113976017484789,0.7957991550949329,0.2042008449050671,0.12925357677326577,11.5,100.4
1610612762,2018-2019,0,223.2,38.4,81.5,11.8,32.7,17.599999999999998,23.8,9.6,34.4,44.1,24.2,7.5,5.3999999999999995,13.7,106.0,0.4807119990874837,0.5853087562140928,1.6415760165760165,0.8303844400170373,0.16961555998296274,0.15531049243855855,12.899999999999999,123.8
1610612762,2018-2019,1,235.8,34.3,84.7,9.6,35.699999999999996,18.3,24.4,12.0,35.2,47.1,22.9,9.2,5.3999999999999995,14.8,96.4,0.40908141448902313,0.5007960344997822,1.7298015873015875,0.795260027258947,0.2047399727410531,1.9469999999999998,14.6,109.7
1610612762,2019-2020,0,225.4,39.2,81.7,13.0,33.4,17.2,22.1,8.7,34.1,42.8,20.7,5.5,4.1,13.8,108.7,0.4963918507558663,0.5999033857537763,1.5174429901915283,0.8140805488476539,0.18591945115234604,0.18205663631558114,9.6,121.0
1610612762,2019-2020,1,243.5,40.2,81.5,16.1,37.2,18.9,24.3,8.9,31.6,40.300000000000004,22.200000000000003,6.6,2.6999999999999997,11.0,115.6,0.4299998379412775,0.5614900221549948,3.0979306719999915,0.7896803144618763,0.21031968553812377,1.9646031746031742,9.3,130.3
1610612762,2020-2021,0,251.4,44.4,94.8,18.2,46.3,18.7,23.4,10.7,38.5,49.2,26.0,7.0,5.300000000000001,14.299999999999999,125.6,0.4778467030403447,0.6028648225315779,1.7163450292397662,0.7936871810107105,0.2063128189892896,0.2013486910925702,12.3,144.0
1610612762,2020-2021,1,225.9,37.8,79.5,16.8,41.4,18.4,23.2,9.1,31.3,40.6,15.9,5.1000000000000005,3.9,11.2,110.7,0.4503692264614251,0.5553457865909786,1.6126488095238096,0.729515276885453,0.27048472311454685,1.1508080808080807,9.0,118.2
1610612762,2021-2022,0,249.7,44.6,94.8,14.7,41.7,20.5,27.0,11.700000000000001,36.6,48.5,23.6,7.6000000000000005,5.4,14.3,124.6,0.492766157043903,0.5909768940512365,1.622221055088702,0.7673959893251232,0.2326040106748768,0.18183937298045144,13.0,138.9
1610612762,2021-2022,1,234.2,34.1,77.4,8.0,29.6,20.6,26.1,9.0,34.5,43.8,17.0,3.6,3.7,11.700000000000001,96.8,0.4298764159537253,0.5181259053635492,1.5823646533205356,0.8156578446855738,0.18434215531442627,1.7925925925925925,7.3,104.3
1610612762,2022-2023,0,159.3,31.099999999999998,63.9,9.2,25.7,15.4,19.3,8.8,23.8,32.5,15.8,3.3,4.3,10.8,86.7,0.5028773359345812,0.6030645722249125,1.4405158730158731,0.7295560015925124,0.2704439984074876,0.22258732297873074,7.6,95.2
1610612762,2023-2024,0,182.4,35.4,74.10000000000001,10.5,28.7,17.3,20.8,9.899999999999999,26.1,35.9,22.1,4.8,4.9,11.8,98.5,0.492301466081916,0.59254171937191,1.8088406302692017,0.7359964082759781,0.264003591724022,0.27492569786535304,9.7,112.3
1610612763,2016-2017,0,232.6,36.2,82.5,10.1,27.4,18.3,23.2,10.4,30.7,41.1,21.4,7.4,3.7,12.0,100.9,0.42972266879307885,0.540876016745798,1.6640961025018997,0.7705524499945423,0.22944755000545772,0.15734756918123696,11.100000000000001,111.7
1610612763,2016-2017,1,236.6,33.6,74.7,9.3,24.2,17.2,19.7,6.8,26.4,32.9,18.6,4.9,2.2,10.4,93.8,0.4312258922218477,0.5488857364380634,1.941584189231248,0.7750207748143765,0.22497922518562355,1.737037037037037,7.1000000000000005,98.5
1610612763,2017-2018,0,121.2,18.1,41.4,3.9000000000000004,11.8,8.9,11.2,4.4,17.5,22.0,10.4,3.5,3.0999999999999996,7.7,49.4,0.45412502644991565,0.5401378321642836,1.2644444444444445,0.7969980458077482,0.20300195419225178,0.13709145712756288,6.6,55.6
1610612763,2018-2019,0,144.2,22.9,52.8,7.2,20.3,11.0,13.3,4.1,14.3,18.3,15.0,5.6,2.8,7.3,64.0,0.4322935944626124,0.5395331555187861,2.082876195012418,0.7779581619881994,0.22204183801180047,0.1881102487083984,8.4,66.4
1610612763,2019-2020,0,228.9,42.0,88.0,9.9,27.7,16.5,21.7,11.0,35.9,47.0,25.8,7.6000000000000005,6.300000000000001,14.2,110.2,0.46974213040603374,0.5595049499215496,1.9386817757405992,0.7840785512549922,0.2159214487450079,0.17243252880240628,13.9,131.2
1610612763,2020-2021,0,220.3,41.1,86.4,9.5,26.599999999999998,15.2,19.9,10.9,32.4,43.2,25.9,8.299999999999999,4.7,12.1,107.3,0.47921342756784163,0.5675164408308403,2.3449582824582826,0.7713338389456298,0.22866616105437018,0.18912693480429454,13.0,127.7
1610612763,2020-2021,1,233.6,43.8,92.8,10.4,31.2,16.2,20.400000000000002,11.0,29.0,40.0,21.599999999999998,7.8,3.6,10.2,114.2,0.45289067457630505,0.5467779527498924,inf,0.7599303140059442,0.24006968599405573,2.537777777777778,11.4,123.8
1610612763,2021-2022,0,207.9,34.7,74.2,10.1,27.5,12.1,16.6,12.5,31.9,44.4,20.8,8.2,6.3,9.4,91.8,0.4821871747959788,0.5665078754632974,2.7028478057889824,0.7583812138418797,0.24161878615812027,0.14181306222595,14.5,118.3
1610612763,2021-2022,1,245.6,42.5,97.0,14.2,38.5,21.4,29.0,11.6,32.0,43.8,26.700000000000003,9.8,6.2,13.9,120.3,0.4698169139233143,0.5639427540678563,1.9027516927516928,0.7440466342033594,0.25595336579664063,1.1218939393939393,16.0,130.79999999999998
1610612763,2022-2023,0,248.7,47.0,100.3,14.8,40.3,19.4,25.4,9.4,33.6,43.1,27.900000000000002,8.6,5.8,13.2,128.0,0.4739818986064622,0.5780313258661881,2.219122315592904,0.7892273433009921,0.21077265669900788,0.1975888311026184,14.4,140.8
1610612763,2022-2023,1,251.6,39.4,97.3,12.7,39.4,16.6,19.8,13.6,34.3,47.7,24.5,7.2,3.6,13.299999999999999,108.1,0.38848620971496256,0.48444854194815523,3.111926308985132,0.7294189042870585,0.27058109571294153,1.9103333333333332,10.8,116.6
1610612763,2023-2024,0,137.0,21.1,48.9,7.3,22.0,9.9,12.5,6.5,20.8,27.2,12.8,4.8,4.1,7.6,59.1,0.4247485686781172,0.5354605983901658,1.9990537240537243,0.7551534825816631,0.24484651741833682,0.2044156455764331,8.9,69.7
1610612764,2016-2017,0,248.9,43.7,92.5,10.8,29.0,19.5,24.3,9.9,33.6,43.2,26.3,8.5,3.7,14.5,117.2,0.4746636036307381,0.5653907091537598,1.6024728997289972,0.7840325683874071,0.2159674316125929,0.16590396394107348,12.2,130.4
1610612764,2016-2017,1,235.9,39.7,86.5,8.200000000000001,26.2,19.1,23.900000000000002,11.2,31.3,42.2,22.0,8.0,6.1000000000000005,12.8,106.5,0.46057056523868745,0.5362011450778545,1.6476877289377287,0.7424236154744912,0.2575763845255087,0.8247948717948719,14.1,120.8
1610612764,2017-2018,0,232.3,37.4,79.0,9.5,25.099999999999998,14.7,18.9,9.9,32.7,42.6,21.3,7.7,3.5,12.5,99.10000000000001,0.47727908157008975,0.5654654259485142,1.7723241464417936,0.7767643083364361,0.22323569166356397,0.12815940427713918,11.2,116.1
1610612764,2018-2019,0,172.9,31.1,64.5,8.3,24.2,13.8,17.4,6.3,24.4,30.8,19.7,5.4,3.1,10.2,84.3,0.4905216270028529,0.5910327721371317,1.9744420702754037,0.791845407678741,0.208154592321259,0.1894567725524446,8.5,96.0
1610612764,2019-2020,0,175.8,30.8,69.8,11.1,30.0,15.1,18.5,4.8,20.9,25.7,22.6,6.3,2.3,11.0,87.6,0.439878789797237,0.5556487961613097,2.0471457357646616,0.8187768210732569,0.1812231789267431,0.2102757411357396,8.6,91.3
1610612764,2020-2021,0,239.79999999999998,45.0,92.8,10.7,29.8,21.8,28.2,10.1,35.2,45.5,24.4,7.2,4.6,14.1,121.9,0.5049851481021208,0.5980296334250744,1.563968312153796,0.7635681078906164,0.2364318921093837,0.2005121637004513,11.8,135.3
1610612764,2020-2021,1,239.1,40.6,88.10000000000001,7.4,24.7,21.0,28.0,10.5,32.4,42.8,22.1,4.9,5.0,12.5,109.5,0.4254564078150709,0.4766335557307206,1.665952380952381,0.7499537980558559,0.2500462019441441,2.033181818181818,9.9,117.3
1610612764,2021-2022,0,168.2,26.8,57.4,7.4,21.1,9.1,11.8,5.7,23.8,29.6,16.3,4.8,3.8,8.8,70.1,0.47750001233707867,0.5630140437894988,1.9205794205794204,0.8105109773840423,0.1894890226159576,0.1391533572892458,8.6,82.8
1610612764,2022-2023,0,212.70000000000002,37.1,76.7,10.8,30.2,15.5,19.900000000000002,8.3,32.1,40.4,21.400000000000002,5.3,4.7,11.6,101.0,0.49860876054083936,0.5958841933939247,2.080864197530864,0.7901856255855048,0.20981437441449527,0.16717241598514798,10.0,116.89999999999999
1610612764,2023-2024,0,203.3,38.8,83.2,11.4,32.199999999999996,13.7,17.7,7.0,25.0,32.1,24.3,5.800000000000001,3.4,12.1,102.9,0.4711829763213919,0.570869418509881,2.301561632811633,0.7940157585470086,0.20598424145299146,0.24840225563909774,9.200000000000001,108.1
1610612765,2016-2017,0,210.1,34.2,75.3,6.3999999999999995,19.7,11.6,16.7,10.5,31.6,42.0,15.8,6.2,3.6,9.2,86.4,0.45365144283474623,0.5198537334837361,1.6993074542416648,0.7754982782627425,0.2245017217372575,0.13719530105207675,9.8,98.5
1610612765,2017-2018,0,190.4,27.1,57.5,7.2,18.6,10.0,14.1,9.4,28.0,37.6,15.5,6.7,3.8000000000000003,8.8,71.6,0.47512404468732883,0.5642553385292581,1.8222905566655567,0.7910091893870661,0.20899081061293395,0.12253771927453137,10.5,91.9
1610612765,2018-2019,0,188.7,32.0,70.8,9.2,26.1,15.8,21.5,10.7,29.5,40.3,17.1,5.3,4.1,10.5,88.5,0.4405251843556646,0.5390901070997318,1.9061998663101605,0.764420194192163,0.23557980580783694,0.14825164871755397,9.4,100.2
1610612765,2018-2019,1,224.6,33.3,87.4,9.899999999999999,31.3,10.5,14.5,9.9,28.3,38.0,20.8,7.4,4.2,8.5,86.5,0.36845208469101853,0.4531480520072055,inf,0.7902890682925008,0.20971093170749922,2.034090909090909,11.6,89.4
1610612765,2019-2020,0,164.7,26.5,56.1,8.6,22.4,10.6,13.7,5.2,17.2,22.3,16.9,4.7,3.0,8.6,72.10000000000001,0.4706350256492168,0.5829556611837093,2.1156428025755756,0.7843829942350701,0.21561700576492995,0.1796342919842746,7.7,77.4
1610612765,2020-2021,0,196.7,33.1,72.2,7.8,23.599999999999998,17.1,22.7,9.4,30.099999999999998,39.5,17.099999999999998,5.8,5.3,11.7,91.1,0.46860647153183255,0.5542974400641282,1.4540429599640126,0.7721408108049489,0.22785918919505105,0.19369694345204308,11.100000000000001,102.3
1610612765,2021-2022,0,162.7,25.6,59.2,6.7,20.2,9.8,12.4,7.5,22.599999999999998,30.299999999999997,18.7,5.3999999999999995,3.1,10.1,67.7,0.4391304249265846,0.5265150449495021,1.8977776418952892,0.7771117212070123,0.22288827879298775,0.16706590365025153,8.5,78.9
1610612765,2022-2023,0,136.2,23.1,50.5,6.300000000000001,17.4,11.6,14.899999999999999,5.7,15.5,21.2,18.6,4.0,1.7000000000000002,10.1,64.2,0.47187361538498607,0.5648674320647495,2.0251380262249827,0.7778541824238946,0.22214581757610535,0.19380189981560628,5.7,69.0
1610612765,2023-2024,0,237.2,40.0,86.0,10.9,31.3,14.2,18.6,9.8,31.4,41.4,30.1,6.8,4.1000000000000005,15.0,105.0,0.45630803656051505,0.5542972894438981,2.1123300675932257,0.7965171964751444,0.20348280352485568,0.19946681185098436,10.899999999999999,122.0
1610612766,2016-2017,0,224.2,36.3,81.9,10.0,28.599999999999998,18.1,22.3,8.0,33.4,41.4,21.2,6.6000000000000005,4.3,9.6,100.89999999999999,0.45075023663835656,0.5503077058912242,2.0939087301587302,0.8226844547168514,0.17731554528314858,0.17139949839990493,10.9,114.7
1610612766,2017-2018,0,224.4,37.5,82.9,10.3,27.9,18.6,25.0,8.4,31.3,39.8,20.8,6.2,3.9000000000000004,11.5,104.0,0.4484282065932636,0.5492858094723851,1.8489658489658491,0.8005351353412438,0.1994648646587562,0.15387966349347035,10.100000000000001,111.5
1610612766,2018-2019,0,194.0,32.7,73.8,11.0,30.6,14.5,17.9,7.699999999999999,27.9,35.6,17.400000000000002,6.1,4.0,9.3,90.7,0.4503923213191524,0.5560328341338994,1.7867044413919413,0.7897904628105721,0.21020953718942798,0.15134375648481635,10.1,100.3
1610612766,2019-2020,0,213.1,34.5,78.7,11.0,31.2,14.9,20.1,10.299999999999999,27.6,37.9,22.0,5.7,3.7,12.7,95.2,0.45148681055654205,0.5433486760086783,1.604801454532058,0.746419790400842,0.25358020959915795,0.20092366849787963,9.4,102.3
1610612766,2020-2021,0,222.7,34.6,78.89999999999999,13.1,35.9,14.0,18.3,9.0,29.4,38.300000000000004,27.5,8.0,4.6,13.5,96.0,0.44457037242995845,0.5410963250277532,2.0459266854003695,0.7716220571407327,0.22837794285926727,0.17819524138127651,12.6,112.1
1610612766,2021-2022,0,229.0,41.7,86.6,13.0,35.699999999999996,15.799999999999999,21.5,11.3,33.6,45.0,26.9,8.1,4.6,12.0,112.2,0.5039338015369165,0.5900600740861364,2.218510656010656,0.7487057036372775,0.2512942963627225,0.19033904544091124,12.7,134.3
1610612766,2022-2023,0,100.6,18.1,40.5,5.2,15.700000000000001,7.1,9.4,4.6,12.999999999999998,17.6,8.6,2.6,2.8000000000000003,5.1,48.8,0.47244040651086305,0.5628214407907007,1.3821428571428571,0.7535371722136748,0.24646282778632517,0.18280385949832048,5.4,50.6
1610612766,2023-2024,0,181.6,27.599999999999998,60.0,8.6,23.099999999999998,9.5,12.0,7.4,23.5,30.8,13.9,4.4,3.5,8.4,73.1,0.4549683919424168,0.5435967810644872,1.7573863636363636,0.7596685971685971,0.2403314028314028,0.1926560333012194,7.9,82.6
